Time (microseconds),Controller.Vd_Ref,Controller.Vq_Ref,Controller.Id_Ref,Controller.Iq_Ref,Controller.Id,Controller.Iq
0.00,0.20026470720768,-0.197386026382446,0.5,-0.5,0.677211761474609,-0.418967127799988
208125.00,0.201393932104111,-0.196202114224434,0.5,-0.5,0.47440230846405,-0.585843443870544
416250.00,0.201302886009216,-0.19610632956028,0.5,-0.5,0.474287003278732,-0.576065003871918
624375.00,0.201160743832588,-0.195773258805275,0.5,-0.5,0.478668630123138,-0.604805111885071
832500.00,0.201230376958847,-0.195518955588341,0.5,-0.5,0.445512294769287,-0.619223356246948
1040625.00,0.201152488589287,-0.195355519652367,0.5,-0.5,0.442185014486313,-0.618587493896484
1248750.00,0.201307818293571,-0.194906502962112,0.5,-0.5,0.402437388896942,-0.666070580482483
1456875.00,0.200716271996498,-0.194842144846916,0.5,-0.5,0.483905494213104,-0.651221334934235
1665000.00,0.200577735900879,-0.194532290101051,0.5,-0.5,0.488552033901215,-0.67598158121109
1873125.00,0.200543344020844,-0.194310814142227,0.5,-0.5,0.479297459125519,-0.686253666877747
2081250.00,0.200389221310616,-0.194427207112312,0.5,-0.5,0.490065068006516,-0.638942956924438
2289375.00,0.199184626340866,-0.19538901746273,0.5,-0.5,0.677982747554779,-0.450513899326324
2497500.00,0.198932841420174,-0.195843353867531,0.5,-0.5,0.710071504116058,-0.347293883562088
2705625.00,0.199835985898972,-0.194738194346428,0.5,-0.5,0.548941016197205,-0.500959396362305
2913750.00,0.199607834219933,-0.194443807005882,0.5,-0.5,0.574285328388214,-0.523682057857513
3121875.00,0.199854865670204,-0.194203764200211,0.5,-0.5,0.522736549377441,-0.537565469741821
3330000.00,0.199749201536179,-0.193910285830498,0.5,-0.5,0.527671992778778,-0.55823165178299
3538125.00,0.199905470013618,-0.193791940808296,0.5,-0.5,0.507558405399323,-0.538259148597717
3746250.00,0.199894279241562,-0.193341061472893,0.5,-0.5,0.480825275182724,-0.600381910800934
3954375.00,0.199594497680664,-0.192919492721558,0.5,-0.5,0.513943016529083,-0.645916521549225
4162500.00,0.199343994259834,-0.192851826548576,0.5,-0.5,0.544256329536438,-0.630422055721283
4370625.00,0.19930300116539,-0.192938283085823,0.5,-0.5,0.542191922664642,-0.586955547332764
4578750.00,0.199297532439232,-0.192835956811905,0.5,-0.5,0.533018052577972,-0.576006472110748
4786875.00,0.198886647820473,-0.192752346396446,0.5,-0.5,0.592553734779358,-0.562488317489624
4995000.00,0.198622286319733,-0.1929911673069,0.5,-0.5,0.63317596912384,-0.492854475975037
5203125.00,0.198673963546753,-0.193363443017006,0.5,-0.5,0.619432628154755,-0.396010607481003
5411250.00,0.199673786759377,-0.192141145467758,0.5,-0.5,0.447794198989868,-0.57433420419693
5619375.00,0.199662104249001,-0.191876918077469,0.5,-0.5,0.438886702060699,-0.590686321258545
5827500.00,0.199651658535004,-0.191504865884781,0.5,-0.5,0.431799173355103,-0.622344613075256
6035625.00,0.199717223644257,-0.191318869590759,0.5,-0.5,0.412128657102585,-0.623163998126984
6243750.00,0.199822917580605,-0.191003575921059,0.5,-0.5,0.391401648521423,-0.648896336555481
6451875.00,0.199692383408546,-0.190700754523277,0.5,-0.5,0.40620231628418,-0.675284087657928
6660000.00,0.199568212032318,-0.19062140583992,0.5,-0.5,0.421804964542389,-0.658717453479767
6868125.00,0.199317261576653,-0.190421000123024,0.5,-0.5,0.461238741874695,-0.66833108663559
7076250.00,0.198581367731094,-0.191049247980118,0.5,-0.5,0.578909635543823,-0.536782085895538
7284375.00,0.198189422488213,-0.190911695361137,0.5,-0.5,0.639035940170288,-0.532647848129272
7492500.00,0.197906494140625,-0.191298887133598,0.5,-0.5,0.684755623340607,-0.436277449131012
7700625.00,0.198187202215195,-0.191658854484558,0.5,-0.5,0.641975045204163,-0.342228412628174
7908750.00,0.198911428451538,-0.190385460853577,0.5,-0.5,0.519080519676209,-0.522350549697876
8116875.00,0.198963314294815,-0.190132156014442,0.5,-0.5,0.508146584033966,-0.538135588169098
8325000.00,0.198896437883377,-0.18982107937336,0.5,-0.5,0.513722121715546,-0.562708377838135
8533125.00,0.199097841978073,-0.189448490738869,0.5,-0.5,0.479643166065216,-0.595833241939545
8741250.00,0.199319541454315,-0.189348176121712,0.5,-0.5,0.444781601428986,-0.582699239253998
8949375.00,0.199264511466026,-0.188840791583061,0.5,-0.5,0.450893998146057,-0.638107657432556
9157500.00,0.199264898896217,-0.188905254006386,0.5,-0.5,0.44952529668808,-0.600476205348969
9365625.00,0.199150159955025,-0.188663467764854,0.5,-0.5,0.46563857793808,-0.613930702209473
9573750.00,0.198939323425293,-0.188885152339935,0.5,-0.5,0.501607239246368,-0.556567311286926
9781875.00,0.198922678828239,-0.188340589404106,0.5,-0.5,0.512241005897522,-0.618294656276703
9990000.00,0.198574304580688,-0.188547357916832,0.5,-0.5,0.57735800743103,-0.5521080493927
10198125.00,0.198459923267365,-0.188828453421593,0.5,-0.5,0.599864959716797,-0.473307013511658
10406250.00,0.199401825666428,-0.188022121787071,0.5,-0.5,0.443877577781677,-0.572340130805969
10614375.00,0.199713408946991,-0.18761433660984,0.5,-0.5,0.39604240655899,-0.608591079711914
10822500.00,0.199831128120422,-0.187064275145531,0.5,-0.5,0.378136187791824,-0.66465151309967
11030625.00,0.199958831071854,-0.187235742807388,0.5,-0.5,0.361902743577957,-0.600290238857269
11238750.00,0.199981927871704,-0.186658456921577,0.5,-0.5,0.378781944513321,-0.655568063259125
11446875.00,0.200127586722374,-0.186439096927643,0.5,-0.5,0.343843340873718,-0.667124152183533
11655000.00,0.199907571077347,-0.18618206679821,0.5,-0.5,0.385135889053345,-0.683470010757446
11863125.00,0.199140548706055,-0.186894536018372,0.5,-0.5,0.521217882633209,-0.534987151622772
12071250.00,0.198961421847343,-0.186760753393173,0.5,-0.5,0.554289817810059,-0.53092086315155
12279375.00,0.198823526501656,-0.186522573232651,0.5,-0.5,0.585923373699188,-0.539726257324219
12487500.00,0.198816582560539,-0.186725363135338,0.5,-0.5,0.596729636192322,-0.472297787666321
12695625.00,0.198427274823189,-0.187080964446068,0.5,-0.5,0.6674485206604,-0.364060997962952
12903750.00,0.199200496077538,-0.186048865318298,0.5,-0.5,0.54487532377243,-0.517277359962463
13111875.00,0.199286356568336,-0.186193808913231,0.5,-0.5,0.520633518695831,-0.474804669618607
13320000.00,0.199141174554825,-0.185798317193985,0.5,-0.5,0.524499833583832,-0.532530069351196
13528125.00,0.198890745639801,-0.185731530189514,0.5,-0.5,0.546129286289215,-0.536934792995453
13736250.00,0.198558747768402,-0.185631677508354,0.5,-0.5,0.580399215221405,-0.54543399810791
13944375.00,0.19887700676918,-0.185491442680359,0.5,-0.5,0.503936052322388,-0.560350954532623
14152500.00,0.198838889598846,-0.185463234782219,0.5,-0.5,0.494973450899124,-0.557763993740082
14360625.00,0.198427572846413,-0.185269132256508,0.5,-0.5,0.542299270629883,-0.583004176616669
14568750.00,0.198301941156387,-0.185278430581093,0.5,-0.5,0.540673136711121,-0.567985057830811
14776875.00,0.198244541883469,-0.185089647769928,0.5,-0.5,0.530969738960266,-0.588929116725922
14985000.00,0.197789415717125,-0.185355290770531,0.5,-0.5,0.589149117469788,-0.531062960624695
15193125.00,0.197244495153427,-0.185800492763519,0.5,-0.5,0.663158059120178,-0.445342212915421
15401250.00,0.197226122021675,-0.18600931763649,0.5,-0.5,0.649506211280823,-0.397877871990204
15609375.00,0.198188126087189,-0.185014769434929,0.5,-0.5,0.467373967170715,-0.550153970718384
15817500.00,0.19820411503315,-0.184956207871437,0.5,-0.5,0.447041422128677,-0.55019199848175
16025625.00,0.198147028684616,-0.184819146990776,0.5,-0.5,0.442068219184875,-0.565789997577667
16233750.00,0.198227182030678,-0.184562206268311,0.5,-0.5,0.415237993001938,-0.597030520439148
16441875.00,0.198045209050179,-0.184404164552689,0.5,-0.5,0.426931142807007,-0.611850023269653
16650000.00,0.196898594498634,-0.184927001595497,0.5,-0.5,0.599118411540985,-0.516342580318451
16858125.00,0.196912854909897,-0.184931680560112,0.5,-0.5,0.578377664089203,-0.508752048015594
17066250.00,0.196671262383461,-0.184749394655228,0.5,-0.5,0.604754388332367,-0.531580209732056
17274375.00,0.196587488055229,-0.185025706887245,0.5,-0.5,0.604953944683075,-0.47347816824913
17482500.00,0.196212857961655,-0.184848710894585,0.5,-0.5,0.649790406227112,-0.491155803203583
17690625.00,0.196110844612122,-0.185407891869545,0.5,-0.5,0.650652527809143,-0.384329110383987
17898750.00,0.195938721299171,-0.185574427247047,0.5,-0.5,0.669175624847412,-0.34016340970993
18106875.00,0.196742296218872,-0.1846082508564,0.5,-0.5,0.523027956485748,-0.485784888267517
18315000.00,0.196764662861824,-0.184312805533409,0.5,-0.5,0.503331243991852,-0.523569881916046
18523125.00,0.19668972492218,-0.184144228696823,0.5,-0.5,0.503708302974701,-0.539413154125214
18731250.00,0.196652621030807,-0.184170782566071,0.5,-0.5,0.496643006801605,-0.519939839839935
18939375.00,0.196730941534042,-0.18373142182827,0.5,-0.5,0.472469329833984,-0.575940012931824
19147500.00,0.1965072453022,-0.183532029390335,0.5,-0.5,0.496709257364273,-0.591046810150146
19355625.00,0.196500703692436,-0.183474525809288,0.5,-0.5,0.486404120922089,-0.589619576931
19563750.00,0.19635009765625,-0.183349549770355,0.5,-0.5,0.496150404214859,-0.596971452236176
19771875.00,0.196063682436943,-0.183359444141388,0.5,-0.5,0.530432343482971,-0.585051596164703
19980000.00,0.196070581674576,-0.18333138525486,0.5,-0.5,0.517773389816284,-0.573846697807312
20188125.00,0.195526599884033,-0.183532610535622,0.5,-0.5,0.600505113601685,-0.525726914405823
20396250.00,0.195158421993256,-0.183878853917122,0.5,-0.5,0.66280061006546,-0.439407467842102
20604375.00,0.196264013648033,-0.183112010359764,0.5,-0.5,0.457522243261337,-0.560425698757172
20812500.00,0.196153804659843,-0.183062672615051,0.5,-0.5,0.463908851146698,-0.553085327148438
21020625.00,0.196421712636948,-0.182749733328819,0.5,-0.5,0.403953194618225,-0.588161468505859
21228750.00,0.196336522698402,-0.182616680860519,0.5,-0.5,0.411568313837051,-0.593743145465851
21436875.00,0.195592746138573,-0.182994708418846,0.5,-0.5,0.525262892246246,-0.515189290046692
21645000.00,0.195531383156776,-0.182789385318756,0.5,-0.5,0.527157843112946,-0.536145448684692
21853125.00,0.195356667041779,-0.182521402835846,0.5,-0.5,0.550628066062927,-0.560933232307434
22061250.00,0.195307850837708,-0.182530865073204,0.5,-0.5,0.549620747566223,-0.541837573051453
22269375.00,0.195170730352402,-0.182735800743103,0.5,-0.5,0.563317477703094,-0.491102367639542
22477500.00,0.19504426419735,-0.182331040501595,0.5,-0.5,0.576872229576111,-0.543148994445801
22685625.00,0.194814667105675,-0.182619750499725,0.5,-0.5,0.610623002052307,-0.480599641799927
22893750.00,0.194462090730667,-0.183051273226738,0.5,-0.5,0.669070422649384,-0.390085220336914
23101875.00,0.195275768637657,-0.182206809520721,0.5,-0.5,0.528895437717438,-0.508141815662384
23310000.00,0.195690482854843,-0.181971624493599,0.5,-0.5,0.455788463354111,-0.534372925758362
23518125.00,0.195632621645927,-0.181749939918518,0.5,-0.5,0.457486003637314,-0.551934897899628
23726250.00,0.19570979475975,-0.181718572974205,0.5,-0.5,0.438001960515976,-0.535582900047302
23934375.00,0.195688039064407,-0.181568816304207,0.5,-0.5,0.438412010669708,-0.544642329216003
24142500.00,0.195536971092224,-0.181116357445717,0.5,-0.5,0.461163938045502,-0.603736162185669
24350625.00,0.195478141307831,-0.180958598852158,0.5,-0.5,0.466237992048264,-0.61382269859314
24558750.00,0.195396780967712,-0.181090921163559,0.5,-0.5,0.473157942295074,-0.576223492622375
24766875.00,0.195406809449196,-0.180946215987206,0.5,-0.5,0.470810055732727,-0.585626304149628
24975000.00,0.195269212126732,-0.180981308221817,0.5,-0.5,0.487262845039368,-0.562449514865875
25183125.00,0.195093527436256,-0.180873677134514,0.5,-0.5,0.512348175048828,-0.5629763007164
25391250.00,0.194770306348801,-0.181169703602791,0.5,-0.5,0.568676948547363,-0.493123710155487
25599375.00,0.194636225700378,-0.181418806314468,0.5,-0.5,0.58711302280426,-0.42962634563446
25807500.00,0.195632874965668,-0.180629253387451,0.5,-0.5,0.419384121894836,-0.54303640127182
26015625.00,0.195818915963173,-0.180243462324142,0.5,-0.5,0.388392269611359,-0.592979848384857
26223750.00,0.195067778229713,-0.180720835924149,0.5,-0.5,0.517658650875092,-0.497632294893265
26431875.00,0.1949542760849,-0.180481448769569,0.5,-0.5,0.534245073795319,-0.519459903240204
26640000.00,0.19532136619091,-0.180378749966621,0.5,-0.5,0.475519716739655,-0.520095705986023
26848125.00,0.195090293884277,-0.180098995566368,0.5,-0.5,0.513544797897339,-0.548032879829407
27056250.00,0.19499135017395,-0.179886266589165,0.5,-0.5,0.530300855636597,-0.569207966327667
27264375.00,0.194922968745232,-0.179740145802498,0.5,-0.5,0.541871607303619,-0.573399364948273
27472500.00,0.195130750536919,-0.179878622293472,0.5,-0.5,0.510924696922302,-0.531652569770813
27680625.00,0.194777131080627,-0.179657533764839,0.5,-0.5,0.569366812705994,-0.551163971424103
27888750.00,0.194222196936607,-0.180254578590393,0.5,-0.5,0.666093170642853,-0.430489331483841
28096875.00,0.194394782185555,-0.180663108825684,0.5,-0.5,0.652923345565796,-0.34037047624588
28305000.00,0.195343822240829,-0.179359614849091,0.5,-0.5,0.484819859266281,-0.534086406230927
28513125.00,0.195591241121292,-0.179110035300255,0.5,-0.5,0.44787073135376,-0.551625549793243
28721250.00,0.195861980319023,-0.178887456655502,0.5,-0.5,0.408637940883636,-0.570207118988037
28929375.00,0.195919752120972,-0.178556904196739,0.5,-0.5,0.405123442411423,-0.599969029426575
29137500.00,0.195918560028076,-0.178402408957481,0.5,-0.5,0.409768223762512,-0.603588402271271
29345625.00,0.195770189166069,-0.178238108754158,0.5,-0.5,0.439116477966309,-0.613403081893921
29553750.00,0.195977285504341,-0.178050398826599,0.5,-0.5,0.423612266778946,-0.613838851451874
29761875.00,0.19571940600872,-0.177943035960197,0.5,-0.5,0.456592231988907,-0.623850762844086
29970000.00,0.195810794830322,-0.177810922265053,0.5,-0.5,0.447704970836639,-0.623288333415985
30178125.00,0.19589164853096,-0.177780389785767,0.5,-0.5,0.44342964887619,-0.607653141021729
30386250.00,0.195436418056488,-0.177836030721664,0.5,-0.5,0.529035806655884,-0.579599618911743
30594375.00,0.195569723844528,-0.178282395005226,0.5,-0.5,0.513722956180573,-0.481377363204956
30802500.00,0.196334630250931,-0.177456647157669,0.5,-0.5,0.396393656730652,-0.593296468257904
31010625.00,0.195698872208595,-0.17787666618824,0.5,-0.5,0.50791347026825,-0.497447818517685
31218750.00,0.195833683013916,-0.177722796797752,0.5,-0.5,0.495428323745728,-0.500617563724518
31426875.00,0.195898249745369,-0.177592858672142,0.5,-0.5,0.49258691072464,-0.501180648803711
31635000.00,0.196187630295753,-0.177216053009033,0.5,-0.5,0.453852355480194,-0.544944703578949
31843125.00,0.196192339062691,-0.177178621292114,0.5,-0.5,0.460550218820572,-0.532737493515015
32051250.00,0.196164727210999,-0.176743865013123,0.5,-0.5,0.47350001335144,-0.585538148880005
32259375.00,0.196211159229279,-0.176733389496803,0.5,-0.5,0.474203109741211,-0.56826788187027
32467500.00,0.196069568395615,-0.176700741052628,0.5,-0.5,0.504688739776611,-0.552016377449036
32675625.00,0.195707067847252,-0.176674827933311,0.5,-0.5,0.575267732143402,-0.533372402191162
32883750.00,0.195827826857567,-0.176684886217117,0.5,-0.5,0.566181600093842,-0.505437314510345
33091875.00,0.195626825094223,-0.177228078246117,0.5,-0.5,0.613900363445282,-0.388003379106522
33300000.00,0.196400761604309,-0.175947770476341,0.5,-0.5,0.494028747081757,-0.574421346187592
33508125.00,0.196716144680977,-0.175781086087227,0.5,-0.5,0.449585407972336,-0.575766503810883
33716250.00,0.19689953327179,-0.175698265433311,0.5,-0.5,0.429202944040298,-0.568635880947113
33924375.00,0.197344958782196,-0.175566598773003,0.5,-0.5,0.366889953613281,-0.568076491355896
34132500.00,0.197305232286453,-0.175267830491066,0.5,-0.5,0.385276585817337,-0.592246055603027
34340625.00,0.197378396987915,-0.175027519464493,0.5,-0.5,0.384229868650436,-0.608341157436371
34548750.00,0.197104334831238,-0.174648225307465,0.5,-0.5,0.44133722782135,-0.648544549942017
34756875.00,0.196812361478806,-0.174861893057823,0.5,-0.5,0.493391871452332,-0.595287919044495
34965000.00,0.196751117706299,-0.174808129668236,0.5,-0.5,0.491429030895233,-0.606055736541748
35173125.00,0.196571603417397,-0.174951761960983,0.5,-0.5,0.504409492015839,-0.58367645740509
35381250.00,0.196311369538307,-0.175301417708397,0.5,-0.5,0.538063287734985,-0.520097732543945
35589375.00,0.195873498916626,-0.175754085183144,0.5,-0.5,0.600331246852875,-0.443481385707855
35797500.00,0.19580565392971,-0.176041170954704,0.5,-0.5,0.601876616477966,-0.392934918403625
36005625.00,0.196000501513481,-0.175904765725136,0.5,-0.5,0.558126389980316,-0.414341628551483
36213750.00,0.195966303348541,-0.175760880112648,0.5,-0.5,0.547032654285431,-0.438720226287842
36421875.00,0.195978105068207,-0.175539046525955,0.5,-0.5,0.534478068351746,-0.470023661851883
36630000.00,0.195869192481041,-0.175387963652611,0.5,-0.5,0.536657631397247,-0.492729395627975
36838125.00,0.196001142263412,-0.175182431936264,0.5,-0.5,0.501587688922882,-0.525435090065002
37046250.00,0.195837125182152,-0.175103157758713,0.5,-0.5,0.519014596939087,-0.536977529525757
37254375.00,0.195694014430046,-0.174961254000664,0.5,-0.5,0.545666933059692,-0.543440580368042
37462500.00,0.195549294352531,-0.175161838531494,0.5,-0.5,0.545643210411072,-0.516660928726196
37670625.00,0.19551183283329,-0.175230026245117,0.5,-0.5,0.541610479354858,-0.502559781074524
37878750.00,0.195084899663925,-0.175216168165207,0.5,-0.5,0.602758407592773,-0.500284433364868
38086875.00,0.194745883345604,-0.175736993551254,0.5,-0.5,0.650707006454468,-0.410167068243027
38295000.00,0.194581061601639,-0.176165670156479,0.5,-0.5,0.671033978462219,-0.334330558776855
38503125.00,0.19565860927105,-0.175123453140259,0.5,-0.5,0.481175482273102,-0.501149713993073
38711250.00,0.1957056671381,-0.174783483147621,0.5,-0.5,0.460504531860352,-0.539758384227753
38919375.00,0.195700451731682,-0.174786597490311,0.5,-0.5,0.453618884086609,-0.546023964881897
39127500.00,0.195740669965744,-0.174697667360306,0.5,-0.5,0.440822124481201,-0.556972622871399
39335625.00,0.195783406496048,-0.174491196870804,0.5,-0.5,0.424661368131638,-0.585135817527771
39543750.00,0.195700332522392,-0.174365758895874,0.5,-0.5,0.426353067159653,-0.598798751831055
39751875.00,0.195729807019234,-0.174223378300667,0.5,-0.5,0.407751947641373,-0.613978922367096
39960000.00,0.195394977927208,-0.174239277839661,0.5,-0.5,0.45949399471283,-0.605675578117371
40168125.00,0.195470094680786,-0.174292847514153,0.5,-0.5,0.440198451280594,-0.592337489128113
40376250.00,0.194984093308449,-0.174374058842659,0.5,-0.5,0.512546360492706,-0.573027193546295
40584375.00,0.194690868258476,-0.174477219581604,0.5,-0.5,0.554251670837402,-0.54481828212738
40792500.00,0.19370599091053,-0.176031649112701,0.5,-0.5,0.713046252727509,-0.274200260639191
41000625.00,0.194623097777367,-0.174941152334213,0.5,-0.5,0.55287492275238,-0.440322011709213
41208750.00,0.194918736815453,-0.174607902765274,0.5,-0.5,0.498453617095947,-0.486794531345367
41416875.00,0.194752529263496,-0.174538791179657,0.5,-0.5,0.518940329551697,-0.490518122911453
41625000.00,0.194827675819397,-0.17450076341629,0.5,-0.5,0.500697016716003,-0.489488214254379
41833125.00,0.194728597998619,-0.174387231469154,0.5,-0.5,0.509501159191132,-0.49981752038002
42041250.00,0.194841384887695,-0.174107119441032,0.5,-0.5,0.483527183532715,-0.536984324455261
42249375.00,0.194714963436127,-0.173925995826721,0.5,-0.5,0.498281359672546,-0.560782432556152
42457500.00,0.194453775882721,-0.173844814300537,0.5,-0.5,0.535347402095795,-0.568437397480011
42665625.00,0.194438740611076,-0.173874959349632,0.5,-0.5,0.535750269889832,-0.554797768592834
42873750.00,0.194339007139206,-0.174026891589165,0.5,-0.5,0.552852034568787,-0.521390557289124
43081875.00,0.1939647346735,-0.174036040902138,0.5,-0.5,0.608625829219818,-0.50982266664505
43290000.00,0.193834349513054,-0.174594223499298,0.5,-0.5,0.626293301582336,-0.401977151632309
43498125.00,0.194555208086967,-0.173862725496292,0.5,-0.5,0.502178907394409,-0.513618528842926
43706250.00,0.194804430007935,-0.173739641904831,0.5,-0.5,0.458671718835831,-0.522597372531891
43914375.00,0.195050269365311,-0.173734918236732,0.5,-0.5,0.416289269924164,-0.515613377094269
44122500.00,0.195027604699135,-0.173595950007439,0.5,-0.5,0.41627499461174,-0.533742487430573
44330625.00,0.195173397660255,-0.173254683613777,0.5,-0.5,0.389761477708817,-0.580442547798157
44538750.00,0.194995924830437,-0.173044502735138,0.5,-0.5,0.419331133365631,-0.608181953430176
44746875.00,0.194902688264847,-0.172849267721176,0.5,-0.5,0.432792842388153,-0.634543359279633
44955000.00,0.194684371352196,-0.172832190990448,0.5,-0.5,0.468567579984665,-0.626399993896484
45163125.00,0.195038706064224,-0.172977790236473,0.5,-0.5,0.413460612297058,-0.589191555976868
45371250.00,0.194801717996597,-0.172552421689034,0.5,-0.5,0.456967115402222,-0.647296726703644
45579375.00,0.193736881017685,-0.173702299594879,0.5,-0.5,0.634154498577118,-0.446193516254425
45787500.00,0.193260177969933,-0.174219340085983,0.5,-0.5,0.715310752391815,-0.345741868019104
45995625.00,0.194244742393494,-0.173462510108948,0.5,-0.5,0.548790276050568,-0.452589124441147
46203750.00,0.194716826081276,-0.173251926898956,0.5,-0.5,0.472695291042328,-0.479152143001556
46411875.00,0.194757282733917,-0.173101529479027,0.5,-0.5,0.482251644134521,-0.479000598192215
46620000.00,0.194711267948151,-0.172966688871384,0.5,-0.5,0.480329841375351,-0.503081798553467
46828125.00,0.194905489683151,-0.17278841137886,0.5,-0.5,0.448897510766983,-0.519676625728607
47036250.00,0.194611310958862,-0.172547966241837,0.5,-0.5,0.49667027592659,-0.546872019767761
47244375.00,0.194767013192177,-0.172350481152534,0.5,-0.5,0.471661359071732,-0.568742990493774
47452500.00,0.194714069366455,-0.172207251191139,0.5,-0.5,0.484362095594406,-0.58533763885498
47660625.00,0.194629698991776,-0.172324538230896,0.5,-0.5,0.503009617328644,-0.552553713321686
47868750.00,0.194612577557564,-0.172160044312477,0.5,-0.5,0.512050628662109,-0.567641198635101
48076875.00,0.194431245326996,-0.172341525554657,0.5,-0.5,0.547634243965149,-0.525194823741913
48285000.00,0.194144561886787,-0.17273174226284,0.5,-0.5,0.601046681404114,-0.44390732049942
48493125.00,0.194140329957008,-0.172875300049782,0.5,-0.5,0.607973158359528,-0.402531206607819
48701250.00,0.195179879665375,-0.172039970755577,0.5,-0.5,0.439238369464874,-0.531187951564789
48909375.00,0.195348471403122,-0.171696975827217,0.5,-0.5,0.416174381971359,-0.575240314006805
49117500.00,0.195242777466774,-0.171654745936394,0.5,-0.5,0.436912477016449,-0.570271134376526
49325625.00,0.195518210530281,-0.171331062912941,0.5,-0.5,0.392979383468628,-0.606563210487366
49533750.00,0.195677027106285,-0.171203464269638,0.5,-0.5,0.371573567390442,-0.611226320266724
49741875.00,0.195659056305885,-0.170911654829979,0.5,-0.5,0.37929368019104,-0.646193087100983
49950000.00,0.19549036026001,-0.170860126614571,0.5,-0.5,0.41557314991951,-0.644844710826874
50158125.00,0.195612221956253,-0.170912519097328,0.5,-0.5,0.402649313211441,-0.621878862380981
50366250.00,0.194605603814125,-0.17155410349369,0.5,-0.5,0.5794517993927,-0.504243731498718
50574375.00,0.194584205746651,-0.171655386686325,0.5,-0.5,0.590534567832947,-0.469367533922195
50782500.00,0.194596752524376,-0.171915128827095,0.5,-0.5,0.599658668041229,-0.407344967126846
50990625.00,0.194321289658546,-0.172483414411545,0.5,-0.5,0.654658496379852,-0.299172103404999
51198750.00,0.195183351635933,-0.171394675970078,0.5,-0.5,0.518764913082123,-0.462237119674683
51406875.00,0.195568665862083,-0.171174690127373,0.5,-0.5,0.456582754850388,-0.484557718038559
51615000.00,0.195458695292473,-0.17103211581707,0.5,-0.5,0.484677702188492,-0.496905088424683
51823125.00,0.195521280169487,-0.170658335089684,0.5,-0.5,0.480842530727386,-0.544087111949921
52031250.00,0.195772290229797,-0.170447871088982,0.5,-0.5,0.447972059249878,-0.563510894775391
52239375.00,0.195807799696922,-0.170146152377129,0.5,-0.5,0.448199182748795,-0.597590684890747
52447500.00,0.195902779698372,-0.170028984546661,0.5,-0.5,0.440635561943054,-0.599629700183868
52655625.00,0.195846706628799,-0.170027852058411,0.5,-0.5,0.461555331945419,-0.585258781909943
52863750.00,0.195833191275597,-0.169749677181244,0.5,-0.5,0.476691842079163,-0.613288521766663
53071875.00,0.195817068219185,-0.169817015528679,0.5,-0.5,0.490703344345093,-0.581704616546631
53280000.00,0.195453956723213,-0.170083299279213,0.5,-0.5,0.565176606178284,-0.518656492233276
53488125.00,0.195324525237083,-0.170609757304192,0.5,-0.5,0.603011906147003,-0.414213389158249
53696250.00,0.196465015411377,-0.169669166207314,0.5,-0.5,0.428558498620987,-0.550772607326508
53904375.00,0.196821600198746,-0.169436782598495,0.5,-0.5,0.382135093212128,-0.570226192474365
54112500.00,0.196955591440201,-0.169003412127495,0.5,-0.5,0.383086234331131,-0.612402319908142
54320625.00,0.197075262665749,-0.169161826372147,0.5,-0.5,0.36558523774147,-0.576099455356598
54528750.00,0.197279244661331,-0.168654158711433,0.5,-0.5,0.344859063625336,-0.644533574581146
54736875.00,0.197340205311775,-0.168542325496674,0.5,-0.5,0.343365907669067,-0.643281221389771
54945000.00,0.197398707270622,-0.168494865298271,0.5,-0.5,0.347895354032516,-0.6282998919487
55153125.00,0.196494966745377,-0.16881351172924,0.5,-0.5,0.512513518333435,-0.553215622901917
55361250.00,0.196439042687416,-0.168746456503868,0.5,-0.5,0.535796582698822,-0.543835997581482
55569375.00,0.196406453847885,-0.168788209557533,0.5,-0.5,0.555669188499451,-0.507516980171204
55777500.00,0.196010261774063,-0.169075191020966,0.5,-0.5,0.637465834617615,-0.448158264160156
55985625.00,0.196121364831924,-0.169462472200394,0.5,-0.5,0.63454258441925,-0.35999995470047
56193750.00,0.19716502726078,-0.168387085199356,0.5,-0.5,0.477639704942703,-0.515216410160065
56401875.00,0.197137892246246,-0.168650344014168,0.5,-0.5,0.495098888874054,-0.449902385473251
56610000.00,0.197007030248642,-0.168447315692902,0.5,-0.5,0.5027015209198,-0.484603643417358
56818125.00,0.19692949950695,-0.168445110321045,0.5,-0.5,0.506534814834595,-0.486326605081558
57026250.00,0.19711834192276,-0.16827067732811,0.5,-0.5,0.463690638542175,-0.518702805042267
57234375.00,0.19671955704689,-0.167952835559845,0.5,-0.5,0.518969178199768,-0.577568054199219
57442500.00,0.196729004383087,-0.168158352375031,0.5,-0.5,0.502996802330017,-0.545203387737274
57650625.00,0.196468561887741,-0.168153271079063,0.5,-0.5,0.535685539245605,-0.553864121437073
57858750.00,0.196654617786407,-0.168273836374283,0.5,-0.5,0.501030564308167,-0.53611421585083
58066875.00,0.196439519524574,-0.168135643005371,0.5,-0.5,0.531794905662537,-0.561765193939209
58275000.00,0.196271777153015,-0.16880863904953,0.5,-0.5,0.549295544624329,-0.448806464672089
58483125.00,0.195874214172363,-0.168938770890236,0.5,-0.5,0.608418762683868,-0.4306520819664
58691250.00,0.195859238505363,-0.169244453310966,0.5,-0.5,0.604649484157562,-0.37429615855217
58899375.00,0.19650374352932,-0.168453708291054,0.5,-0.5,0.48508083820343,-0.504152297973633
59107500.00,0.1967433989048,-0.168058797717094,0.5,-0.5,0.434748530387878,-0.569078505039215
59315625.00,0.196689322590828,-0.167929023504257,0.5,-0.5,0.438524603843689,-0.590017914772034
59523750.00,0.196816220879555,-0.167927101254463,0.5,-0.5,0.407790571451187,-0.588455557823181
59731875.00,0.196774274110794,-0.16784730553627,0.5,-0.5,0.407071501016617,-0.601943731307983
59940000.00,0.195958703756332,-0.168426111340523,0.5,-0.5,0.535662889480591,-0.503567337989807
60148125.00,0.195651024580002,-0.16837640106678,0.5,-0.5,0.576183497905731,-0.513310611248016
60356250.00,0.195588290691376,-0.168561011552811,0.5,-0.5,0.57926470041275,-0.477570027112961
60564375.00,0.195598736405373,-0.168508261442184,0.5,-0.5,0.571160614490509,-0.482139468193054
60772500.00,0.195339739322662,-0.168900415301323,0.5,-0.5,0.606918931007385,-0.41404914855957
60980625.00,0.195013612508774,-0.16918383538723,0.5,-0.5,0.656881928443909,-0.366204857826233
61188750.00,0.195100605487823,-0.169561430811882,0.5,-0.5,0.635779023170471,-0.296375066041946
61396875.00,0.195840328931808,-0.168534219264984,0.5,-0.5,0.505176663398743,-0.461927175521851
61605000.00,0.195882275700569,-0.168364256620407,0.5,-0.5,0.491673141717911,-0.485592484474182
61813125.00,0.195812225341797,-0.168145284056664,0.5,-0.5,0.494485914707184,-0.514485239982605
62021250.00,0.195794835686684,-0.16802042722702,0.5,-0.5,0.489142179489136,-0.532036244869232
62229375.00,0.196041196584702,-0.167992159724236,0.5,-0.5,0.440638661384583,-0.529771327972412
62437500.00,0.195930510759354,-0.167624250054359,0.5,-0.5,0.451555341482162,-0.58555406332016
62645625.00,0.195794865489006,-0.167609214782715,0.5,-0.5,0.473341286182404,-0.583943009376526
62853750.00,0.195672422647476,-0.167692333459854,0.5,-0.5,0.48888111114502,-0.566898584365845
63061875.00,0.195387974381447,-0.167532354593277,0.5,-0.5,0.530468583106995,-0.590917110443115
63270000.00,0.195346683263779,-0.167700678110123,0.5,-0.5,0.546148180961609,-0.548990488052368
63478125.00,0.195105776190758,-0.168184876441956,0.5,-0.5,0.569678246974945,-0.473208338022232
63686250.00,0.195085778832436,-0.168485626578331,0.5,-0.5,0.574832201004028,-0.416096091270447
63894375.00,0.195746839046478,-0.167837843298912,0.5,-0.5,0.46154111623764,-0.518144965171814
64102500.00,0.19590200483799,-0.167450278997421,0.5,-0.5,0.433207184076309,-0.574668169021606
64310625.00,0.19622240960598,-0.167459979653358,0.5,-0.5,0.38204163312912,-0.566780090332031
64518750.00,0.196126565337181,-0.167276114225388,0.5,-0.5,0.397432267665863,-0.591692686080933
64726875.00,0.195329114794731,-0.167719259858131,0.5,-0.5,0.529250741004944,-0.511829674243927
64935000.00,0.195293828845024,-0.167835399508476,0.5,-0.5,0.533680737018585,-0.489203035831451
65143125.00,0.19513937830925,-0.167585328221321,0.5,-0.5,0.558539390563965,-0.52386087179184
65351250.00,0.195320069789886,-0.167616739869118,0.5,-0.5,0.529689252376556,-0.508680641651154
65559375.00,0.195370808243752,-0.16775618493557,0.5,-0.5,0.522779822349548,-0.478216946125031
65767500.00,0.195149272680283,-0.167619466781616,0.5,-0.5,0.558319449424744,-0.496162235736847
65975625.00,0.194891721010208,-0.167913317680359,0.5,-0.5,0.603907287120819,-0.439834088087082
66183750.00,0.194582581520081,-0.168420374393463,0.5,-0.5,0.658489763736725,-0.343926608562469
66391875.00,0.195509627461433,-0.167528629302979,0.5,-0.5,0.504472434520721,-0.481764763593674
66600000.00,0.195506200194359,-0.167448133230209,0.5,-0.5,0.506791591644287,-0.487762600183487
66808125.00,0.195675432682037,-0.16720949113369,0.5,-0.5,0.477376878261566,-0.515051603317261
67016250.00,0.195846885442734,-0.167057290673256,0.5,-0.5,0.453739881515503,-0.529219210147858
67224375.00,0.19606976211071,-0.166855037212372,0.5,-0.5,0.418133795261383,-0.552641987800598
67432500.00,0.195971608161926,-0.166631504893303,0.5,-0.5,0.432775795459747,-0.580425262451172
67640625.00,0.196081951260567,-0.16648668050766,0.5,-0.5,0.417713671922684,-0.597204446792603
67848750.00,0.195884019136429,-0.166434958577156,0.5,-0.5,0.456881821155548,-0.595941781997681
68056875.00,0.195623531937599,-0.166267544031143,0.5,-0.5,0.504276037216187,-0.613539457321167
68265000.00,0.195706695318222,-0.166373088955879,0.5,-0.5,0.493799775838852,-0.583421468734741
68473125.00,0.195538714528084,-0.166644901037216,0.5,-0.5,0.525505781173706,-0.528920412063599
68681250.00,0.195237800478935,-0.166892871260643,0.5,-0.5,0.583444893360138,-0.472582191228867
68889375.00,0.195417821407318,-0.167193979024887,0.5,-0.5,0.561911940574646,-0.411440312862396
69097500.00,0.196546122431755,-0.166248351335526,0.5,-0.5,0.378917634487152,-0.559054136276245
69305625.00,0.196529790759087,-0.16609238088131,0.5,-0.5,0.385308772325516,-0.573950231075287
69513750.00,0.196656420826912,-0.165980711579323,0.5,-0.5,0.371609151363373,-0.583512485027313
69721875.00,0.196040481328964,-0.166478097438812,0.5,-0.5,0.478394091129303,-0.491625785827637
69930000.00,0.196008816361427,-0.166337564587593,0.5,-0.5,0.494063943624496,-0.505854666233063
70138125.00,0.196081086993217,-0.166105479001999,0.5,-0.5,0.489792048931122,-0.533984124660492
70346250.00,0.195925042033195,-0.166104808449745,0.5,-0.5,0.520877361297607,-0.524844110012054
70554375.00,0.19591312110424,-0.165980562567711,0.5,-0.5,0.526273608207703,-0.533904492855072
70762500.00,0.195825666189194,-0.166164636611938,0.5,-0.5,0.546929001808167,-0.490414381027222
70970625.00,0.195707857608795,-0.166233688592911,0.5,-0.5,0.586546957492828,-0.47044563293457
71178750.00,0.195382535457611,-0.166516229510307,0.5,-0.5,0.639444172382355,-0.41110959649086
71386875.00,0.195500835776329,-0.166914626955986,0.5,-0.5,0.627768516540527,-0.325181096792221
71595000.00,0.196811258792877,-0.165697023272514,0.5,-0.5,0.420836210250854,-0.515603721141815
71803125.00,0.196754992008209,-0.165565073490143,0.5,-0.5,0.43895623087883,-0.526777982711792
72011250.00,0.196825191378593,-0.16536320745945,0.5,-0.5,0.434016704559326,-0.54564768075943
72219375.00,0.196943715214729,-0.165285885334015,0.5,-0.5,0.421160101890564,-0.545491635799408
72427500.00,0.197053015232086,-0.165055587887764,0.5,-0.5,0.426182627677917,-0.559695184230804
72635625.00,0.197027876973152,-0.164781928062439,0.5,-0.5,0.423094689846039,-0.603644132614136
72843750.00,0.196951374411583,-0.164701789617538,0.5,-0.5,0.447629332542419,-0.602730810642242
73051875.00,0.197223618626595,-0.164655342698097,0.5,-0.5,0.415170431137085,-0.600910365581512
73260000.00,0.197064235806465,-0.164579957723618,0.5,-0.5,0.452350795269012,-0.596325576305389
73468125.00,0.197095721960068,-0.164503216743469,0.5,-0.5,0.459865391254425,-0.596000254154205
73676250.00,0.196797370910645,-0.164756000041962,0.5,-0.5,0.524385869503021,-0.541172444820404
73884375.00,0.196533098816872,-0.165022864937782,0.5,-0.5,0.58486545085907,-0.476905524730682
74092500.00,0.197674468159676,-0.164428010582924,0.5,-0.5,0.408895254135132,-0.55949455499649
74300625.00,0.198047697544098,-0.164485022425652,0.5,-0.5,0.359667807817459,-0.535366475582123
74508750.00,0.197387307882309,-0.164570286870003,0.5,-0.5,0.479680985212326,-0.50633317232132
74716875.00,0.197476997971535,-0.164598196744919,0.5,-0.5,0.477925717830658,-0.484373897314072
74925000.00,0.197565361857414,-0.164263382554054,0.5,-0.5,0.4770188331604,-0.522377192974091
75133125.00,0.197796389460564,-0.163907751441002,0.5,-0.5,0.449660658836365,-0.567333340644836
75341250.00,0.197692692279816,-0.163825899362564,0.5,-0.5,0.484857887029648,-0.567118227481842
75549375.00,0.197643876075745,-0.163603618741035,0.5,-0.5,0.505483031272888,-0.588103234767914
75757500.00,0.197598218917847,-0.163739249110222,0.5,-0.5,0.532527446746826,-0.54860907793045
75965625.00,0.197755113244057,-0.163592278957367,0.5,-0.5,0.521559476852417,-0.556226491928101
76173750.00,0.197362422943115,-0.163887873291969,0.5,-0.5,0.6013343334198,-0.491271138191223
76381875.00,0.197427839040756,-0.16416235268116,0.5,-0.5,0.605257213115692,-0.425848603248596
76590000.00,0.198362037539482,-0.163382738828659,0.5,-0.5,0.466693699359894,-0.535348415374756
76798125.00,0.198800072073936,-0.163167238235474,0.5,-0.5,0.411301285028458,-0.552628636360168
77006250.00,0.198938935995102,-0.163110494613647,0.5,-0.5,0.402111291885376,-0.541417419910431
77214375.00,0.199142158031464,-0.162792474031448,0.5,-0.5,0.385777711868286,-0.573667764663696
77422500.00,0.199237957596779,-0.162499725818634,0.5,-0.5,0.386103481054306,-0.603576838970184
77630625.00,0.199344605207443,-0.162284255027771,0.5,-0.5,0.383368164300919,-0.622314810752869
77838750.00,0.199450582265854,-0.162137255072594,0.5,-0.5,0.384411066770554,-0.63204550743103
78046875.00,0.199368968605995,-0.162061601877213,0.5,-0.5,0.415668487548828,-0.628319680690765
78255000.00,0.19892181456089,-0.162277147173882,0.5,-0.5,0.487035930156708,-0.592032432556152
78463125.00,0.198900014162064,-0.162494242191315,0.5,-0.5,0.480909913778305,-0.557286560535431
78671250.00,0.198355883359909,-0.162705481052399,0.5,-0.5,0.562057018280029,-0.530902862548828
78879375.00,0.198008805513382,-0.162973701953888,0.5,-0.5,0.615414083003998,-0.488394260406494
79087500.00,0.198271632194519,-0.163450539112091,0.5,-0.5,0.564236581325531,-0.405730366706848
79295625.00,0.198474705219269,-0.163228511810303,0.5,-0.5,0.527457654476166,-0.446426928043365
79503750.00,0.19840295612812,-0.163342669606209,0.5,-0.5,0.532120168209076,-0.427534133195877
79711875.00,0.198597282171249,-0.163039863109589,0.5,-0.5,0.49239045381546,-0.479048013687134
79920000.00,0.198460429906845,-0.162905901670456,0.5,-0.5,0.506007313728333,-0.505825161933899
80128125.00,0.198352441191673,-0.162856236100197,0.5,-0.5,0.526199758052826,-0.504491984844208
80336250.00,0.198103547096252,-0.162939786911011,0.5,-0.5,0.548360884189606,-0.508961379528046
80544375.00,0.197946056723595,-0.162894636392593,0.5,-0.5,0.564783871173859,-0.519464790821075
80752500.00,0.198046609759331,-0.163022950291634,0.5,-0.5,0.544225633144379,-0.499206066131592
80960625.00,0.197890311479568,-0.163161739706993,0.5,-0.5,0.563665807247162,-0.476116746664047
81168750.00,0.197699755430222,-0.163049519062042,0.5,-0.5,0.586165428161621,-0.494744598865509
81376875.00,0.19740879535675,-0.163580745458603,0.5,-0.5,0.631915986537933,-0.405925244092941
81585000.00,0.197413042187691,-0.164000257849693,0.5,-0.5,0.631347179412842,-0.32031911611557
81793125.00,0.198245778679848,-0.163134351372719,0.5,-0.5,0.489556878805161,-0.476972430944443
82001250.00,0.198257327079773,-0.162873968482018,0.5,-0.5,0.480961978435516,-0.515521049499512
82209375.00,0.198410078883171,-0.162631765007973,0.5,-0.5,0.447744965553284,-0.553854286670685
82417500.00,0.198364242911339,-0.162575989961624,0.5,-0.5,0.445996314287186,-0.56467616558075
82625625.00,0.198508724570274,-0.162558600306511,0.5,-0.5,0.41661411523819,-0.564987480640411
82833750.00,0.198295220732689,-0.162221759557724,0.5,-0.5,0.444273233413696,-0.620600640773773
83041875.00,0.198415040969849,-0.162439256906509,0.5,-0.5,0.422220826148987,-0.581051826477051
83250000.00,0.198158591985703,-0.162267208099365,0.5,-0.5,0.460221409797668,-0.609186708927155
83458125.00,0.198027834296227,-0.162419706583023,0.5,-0.5,0.481818228960037,-0.58271986246109
83666250.00,0.197985649108887,-0.162322461605072,0.5,-0.5,0.486842215061188,-0.594285786151886
83874375.00,0.197887763381004,-0.162836700677872,0.5,-0.5,0.500172734260559,-0.505701780319214
84082500.00,0.196906313300133,-0.164269581437111,0.5,-0.5,0.660960555076599,-0.260648936033249
84290625.00,0.197701424360275,-0.16339148581028,0.5,-0.5,0.526395857334137,-0.400336503982544
84498750.00,0.197838962078094,-0.162799477577209,0.5,-0.5,0.50019097328186,-0.494042336940765
84706875.00,0.197717100381851,-0.162799417972565,0.5,-0.5,0.519227564334869,-0.489287883043289
84915000.00,0.197677582502365,-0.162729576230049,0.5,-0.5,0.520537734031677,-0.494666457176209
85123125.00,0.197896257042885,-0.162628725171089,0.5,-0.5,0.479833692312241,-0.50598269701004
85331250.00,0.197730347514153,-0.162402138113976,0.5,-0.5,0.505958080291748,-0.54151177406311
85539375.00,0.197721764445305,-0.162296339869499,0.5,-0.5,0.505917012691498,-0.554703712463379
85747500.00,0.19762197136879,-0.162438198924065,0.5,-0.5,0.520036935806274,-0.526607155799866
85955625.00,0.197590589523315,-0.162514880299568,0.5,-0.5,0.523536801338196,-0.511575996875763
86163750.00,0.197420299053192,-0.162491574883461,0.5,-0.5,0.549992024898529,-0.512009799480438
86371875.00,0.196998193860054,-0.162707224488258,0.5,-0.5,0.621241211891174,-0.469943165779114
86580000.00,0.19690252840519,-0.163264408707619,0.5,-0.5,0.639165103435516,-0.371022313833237
86788125.00,0.197888597846031,-0.16241230070591,0.5,-0.5,0.477330386638641,-0.503581047058105
86996250.00,0.198190048336983,-0.162170320749283,0.5,-0.5,0.429108560085297,-0.535041809082031
87204375.00,0.198122844099998,-0.162013947963715,0.5,-0.5,0.441741347312927,-0.553048193454742
87412500.00,0.194487407803535,-0.158191829919815,0,0,0.399095058441162,-0.537130057811737
87620625.00,0.193470269441605,-0.156942963600159,0,0,0.373644709587097,-0.544070303440094
87828750.00,0.192340135574341,-0.155613794922829,0,0,0.380590349435806,-0.563798069953918
88036875.00,0.190885484218597,-0.154374405741692,0,0,0.416979968547821,-0.572664380073547
88245000.00,0.189747750759125,-0.153033241629601,0,0,0.417174607515335,-0.597863972187042
88453125.00,0.188493445515633,-0.152079805731773,0,0,0.437828600406647,-0.560121893882751
88661250.00,0.187468290328979,-0.150811806321144,0,0,0.42268693447113,-0.579014122486115
88869375.00,0.185464143753052,-0.150886237621307,0,0,0.575480580329895,-0.372194617986679
89077500.00,0.184199199080467,-0.150171995162964,0,0,0.602728068828583,-0.298349142074585
89285625.00,0.183782786130905,-0.148426696658134,0,0,0.50841623544693,-0.382404416799545
89493750.00,0.182848587632179,-0.147030413150787,0,0,0.468787729740143,-0.438113868236542
89701875.00,0.181902647018433,-0.145820200443268,0,0,0.448674470186234,-0.446944862604141
89910000.00,0.181122854351997,-0.144313052296638,0,0,0.404884427785873,-0.506790578365326
90118125.00,0.17995397746563,-0.143419876694679,0,0,0.423545330762863,-0.468415766954422
90326250.00,0.179017722606659,-0.142035603523254,0,0,0.404298454523087,-0.511927008628845
90534375.00,0.17780302464962,-0.141074031591415,0,0,0.433646082878113,-0.492700278759003
90742500.00,0.176570847630501,-0.139967992901802,0,0,0.466585695743561,-0.493292897939682
90950625.00,0.175661563873291,-0.138879552483559,0,0,0.446152538061142,-0.49473774433136
91158750.00,0.17453145980835,-0.137719243764877,0,0,0.464853465557098,-0.501380801200867
91366875.00,0.173453703522682,-0.136945635080338,0,0,0.479677498340607,-0.449321806430817
91575000.00,0.172271996736526,-0.136398479342461,0,0,0.513135075569153,-0.361351132392883
91783125.00,0.171412527561188,-0.13558229804039,0,0,0.494322419166565,-0.318895101547241
91991250.00,0.171383768320084,-0.133912742137909,0,0,0.331768214702606,-0.423684567213058
92199375.00,0.170441940426826,-0.132676541805267,0,0,0.330136626958847,-0.453499019145966
92407500.00,0.169448420405388,-0.131738588213921,0,0,0.332939445972443,-0.437088340520859
92615625.00,0.168407395482063,-0.130544483661652,0,0,0.344371110200882,-0.461401224136353
92823750.00,0.168000504374504,-0.12920755147934,0,0,0.252298384904861,-0.505796313285828
93031875.00,0.166787534952164,-0.127970337867737,0,0,0.298157036304474,-0.539405524730682
93240000.00,0.165773630142212,-0.127106711268425,0,0,0.314013600349426,-0.511790692806244
93448125.00,0.16465437412262,-0.126079455018044,0,0,0.346071809530258,-0.509541273117065
93656250.00,0.163197368383408,-0.125714391469955,0,0,0.436081498861313,-0.402701497077942
93864375.00,0.161975249648094,-0.124850802123547,0,0,0.489167600870132,-0.378523170948029
94072500.00,0.160886511206627,-0.124343350529671,0,0,0.518968999385834,-0.294355183839798
94280625.00,0.160228729248047,-0.123655058443546,0,0,0.483185529708862,-0.236279413104057
94488750.00,0.16007536649704,-0.121815085411072,0,0,0.360676407814026,-0.373585909605026
94696875.00,0.159128561615944,-0.120538584887981,0,0,0.368277162313461,-0.419816255569458
94905000.00,0.158481314778328,-0.119719751179218,0,0,0.33230847120285,-0.3910793364048
95113125.00,0.157627090811729,-0.118483260273933,0,0,0.33320540189743,-0.431717097759247
95321250.00,0.156869694590569,-0.117466025054455,0,0,0.313913136720657,-0.439401179552078
95529375.00,0.155955642461777,-0.116352207958698,0,0,0.323455393314362,-0.460663199424744
95737500.00,0.154981538653374,-0.115531668066978,0,0,0.345179080963135,-0.436673104763031
95945625.00,0.154120862483978,-0.114459544420242,0,0,0.345546543598175,-0.452974677085876
96153750.00,0.153343796730042,-0.11363160610199,0,0,0.336952805519104,-0.433617174625397
96361875.00,0.152320832014084,-0.112727627158165,0,0,0.371402263641357,-0.426237910985947
96570000.00,0.151356786489487,-0.112173184752464,0,0,0.398429572582245,-0.361675918102264
96778125.00,0.150524333119392,-0.111616864800453,0,0,0.405753016471863,-0.295803964138031
96986250.00,0.150279074907303,-0.110067181289196,0,0,0.326088279485703,-0.387452691793442
97194375.00,0.149609312415123,-0.109030447900295,0,0,0.292447149753571,-0.411688327789307
97402500.00,0.14900241792202,-0.108043193817139,0,0,0.259719133377075,-0.420098632574081
97610625.00,0.148172169923782,-0.107304446399212,0,0,0.262597858905792,-0.390328496694565
97818750.00,0.147575750946999,-0.106104902923107,0,0,0.232603996992111,-0.437601089477539
98026875.00,0.146855533123016,-0.105039164423943,0,0,0.221634700894356,-0.462120592594147
98235000.00,0.145766735076904,-0.104007720947266,0,0,0.273043721914291,-0.483353316783905
98443125.00,0.144275411963463,-0.103793799877167,0,0,0.391960442066193,-0.453851222991943
98651250.00,0.143580302596092,-0.103103913366795,0,0,0.384543895721436,-0.340688526630402
98859375.00,0.142770260572433,-0.102070495486259,0,0,0.394561856985092,-0.363297939300537
99067500.00,0.142108559608459,-0.101668484508991,0,0,0.38248011469841,-0.280608803033829
99275625.00,0.140896618366241,-0.101211458444595,0,0,0.461926311254501,-0.2152179479599
99483750.00,0.141100347042084,-0.0996140986680985,0,0,0.30589747428894,-0.33573591709137
99691875.00,0.140522927045822,-0.0987977832555771,0,0,0.282644957304001,-0.325544625520706
99900000.00,0.139595463871956,-0.098092719912529,0,0,0.304842263460159,-0.305660396814346
100108125.00,0.138766780495644,-0.097384475171566,0,0,0.305233091115952,-0.294671416282654
100316250.00,0.138029634952545,-0.0964792817831039,0,0,0.289734303951263,-0.321286171674728
100524375.00,0.137161508202553,-0.0955612435936928,0,0,0.300169110298157,-0.350409120321274
100732500.00,0.136199489235878,-0.0947319194674492,0,0,0.324659258127213,-0.363584667444229
100940625.00,0.135367333889008,-0.0939921885728836,0,0,0.332647502422333,-0.365103423595428
101148750.00,0.134502440690994,-0.0934324637055397,0,0,0.34650069475174,-0.337943226099014
101356875.00,0.133790090680122,-0.0928132757544518,0,0,0.335185140371323,-0.322883427143097
101565000.00,0.132756009697914,-0.0920007303357124,0,0,0.37657904624939,-0.333512544631958
101773125.00,0.131926000118256,-0.0917851701378822,0,0,0.387811034917831,-0.243623808026314
101981250.00,0.131181195378304,-0.0912139415740967,0,0,0.388328790664673,-0.214747428894043
102189375.00,0.131118908524513,-0.0900392457842827,0,0,0.27471262216568,-0.289894819259644
102397500.00,0.130527198314667,-0.0892990007996559,0,0,0.246193319559097,-0.291234731674194
102605625.00,0.129803657531738,-0.0884108021855354,0,0,0.241269364953041,-0.321692109107971
102813750.00,0.1291913241148,-0.0874848142266274,0,0,0.217950493097305,-0.354649215936661
103021875.00,0.128501459956169,-0.0868611112236977,0,0,0.20904852449894,-0.3413065969944
103230000.00,0.127596735954285,-0.0858554318547249,0,0,0.237521663308144,-0.390310615301132
103438125.00,0.126257598400116,-0.0856501683592796,0,0,0.343724936246872,-0.309674084186554
103646250.00,0.125478908419609,-0.0851459875702858,0,0,0.354084521532059,-0.280543863773346
103854375.00,0.124731324613094,-0.0843506008386612,0,0,0.360582321882248,-0.297283470630646
104062500.00,0.124021679162979,-0.0840169042348862,0,0,0.359768778085709,-0.239552080631256
104270625.00,0.123148255050182,-0.0835316330194473,0,0,0.38866338133812,-0.208227425813675
104478750.00,0.122509881854057,-0.0831811502575874,0,0,0.381354510784149,-0.154337167739868
104686875.00,0.122534096240997,-0.0819261148571968,0,0,0.259043484926224,-0.248348727822304
104895000.00,0.121744237840176,-0.081260085105896,0,0,0.273894488811493,-0.24533973634243
105103125.00,0.121104069054127,-0.0805419459939003,0,0,0.26566356420517,-0.25488156080246
105311250.00,0.120592147111893,-0.0797859504818916,0,0,0.235285401344299,-0.271108269691467
105519375.00,0.119867831468582,-0.0790985077619553,0,0,0.241801753640175,-0.274373382329941
105727500.00,0.119077682495117,-0.077963650226593,0,0,0.263535022735596,-0.354014962911606
105935625.00,0.118584603071213,-0.0774344727396965,0,0,0.234765261411667,-0.332962721586227
106143750.00,0.117854543030262,-0.0767143070697784,0,0,0.257434099912643,-0.337676495313644
106351875.00,0.117018029093742,-0.0763270035386086,0,0,0.281023949384689,-0.301713913679123
106560000.00,0.116356812417507,-0.0757822170853615,0,0,0.284290611743927,-0.28661984205246
106768125.00,0.115481607615948,-0.0752909854054451,0,0,0.323761820793152,-0.258338868618011
106976250.00,0.114657215774059,-0.0751461535692215,0,0,0.353565990924835,-0.175995945930481
107184375.00,0.11478403955698,-0.0740079656243324,0,0,0.230514466762543,-0.260926216840744
107392500.00,0.114384785294533,-0.0733613148331642,0,0,0.191120833158493,-0.262350499629974
107600625.00,0.113805219531059,-0.0727640390396118,0,0,0.183361649513245,-0.257578879594803
107808750.00,0.11322695761919,-0.071995235979557,0,0,0.177432328462601,-0.283335596323013
108016875.00,0.112825065851212,-0.0713560879230499,0,0,0.141022890806198,-0.289253056049347
108225000.00,0.111625552177429,-0.0706974864006042,0,0,0.23880136013031,-0.295021653175354
108433125.00,0.110934458673,-0.0701729282736778,0,0,0.257970988750458,-0.278099417686462
108641250.00,0.110146909952164,-0.069527842104435,0,0,0.290773451328278,-0.287541449069977
108849375.00,0.109677001833916,-0.069220706820488,0,0,0.269767105579376,-0.241086527705193
109057500.00,0.108966372907162,-0.0686708763241768,0,0,0.288250267505646,-0.233025699853897
109265625.00,0.10829047113657,-0.0682974085211754,0,0,0.307694375514984,-0.198186948895454
109473750.00,0.107562407851219,-0.0678949132561684,0,0,0.33310404419899,-0.160668194293976
109681875.00,0.107755452394485,-0.0670197159051895,0,0,0.207309886813164,-0.209983095526695
109890000.00,0.10711220651865,-0.0664248019456863,0,0,0.215999409556389,-0.20869705080986
110098125.00,0.106490254402161,-0.065915122628212,0,0,0.223925411701202,-0.200336933135986
110306250.00,0.106084384024143,-0.0651312544941902,0,0,0.197855740785599,-0.23789256811142
110514375.00,0.10569604486227,-0.0643704459071159,0,0,0.171857535839081,-0.268118590116501
110722500.00,0.105072848498821,-0.0636443570256233,0,0,0.181860238313675,-0.292576521635056
110930625.00,0.104278057813644,-0.0631594061851501,0,0,0.223735228180885,-0.279120475053787
111138750.00,0.103648394346237,-0.0625086203217506,0,0,0.240797027945518,-0.291124939918518
111346875.00,0.10325463116169,-0.0621145106852055,0,0,0.216312393546104,-0.267172396183014
111555000.00,0.102417953312397,-0.061570905148983,0,0,0.269438117742538,-0.25965741276741
111763125.00,0.102081678807735,-0.0615667924284935,0,0,0.23640176653862,-0.170824453234673
111971250.00,0.101353242993355,-0.0607577487826347,0,0,0.273045301437378,-0.213974222540855
112179375.00,0.100976802408695,-0.0605541057884693,0,0,0.249706268310547,-0.157171636819839
112387500.00,0.100800946354866,-0.0595701560378075,0,0,0.190903723239899,-0.228347405791283
112595625.00,0.100478313863277,-0.0591440461575985,0,0,0.162111654877663,-0.209776282310486
112803750.00,0.100077003240585,-0.0583946518599987,0,0,0.145042017102242,-0.242880836129189
113011875.00,0.0992596074938774,-0.0581375882029533,0,0,0.196107968688011,-0.195223093032837
113220000.00,0.0987230390310287,-0.0573109835386276,0,0,0.203294292092323,-0.244055733084679
113428125.00,0.09829381108284,-0.0567649565637112,0,0,0.194070354104042,-0.248186871409416
113636250.00,0.0975427627563477,-0.0564340837299824,0,0,0.234952419996262,-0.218877747654915
113844375.00,0.0970469415187836,-0.0559072867035866,0,0,0.243114411830902,-0.220744028687477
114052500.00,0.0964855179190636,-0.0553128495812416,0,0,0.255512237548828,-0.231818556785583
114260625.00,0.0960890352725983,-0.05500453338027,0,0,0.246546715497971,-0.198513954877853
114468750.00,0.0957343429327011,-0.0548198185861111,0,0,0.230075061321259,-0.146599903702736
114676875.00,0.0951656699180603,-0.0544985048472881,0,0,0.247603803873062,-0.114246211946011
114885000.00,0.0948253720998764,-0.0535742305219173,0,0,0.222328200936317,-0.184904605150223
115093125.00,0.0947403311729431,-0.0531026721000671,0,0,0.164619520306587,-0.17915153503418
115301250.00,0.0943453684449196,-0.0528709925711155,0,0,0.163125440478325,-0.129849493503571
115509375.00,0.0940008386969566,-0.0518671423196793,0,0,0.137253612279892,-0.220093131065369
115717500.00,0.0933917611837387,-0.0510995648801327,0,0,0.165215030312538,-0.261641025543213
115925625.00,0.0931587517261505,-0.0504997856914997,0,0,0.127708822488785,-0.276244014501572
116133750.00,0.0924808457493782,-0.0501626618206501,0,0,0.168499022722244,-0.249555170536041
116341875.00,0.0919061452150345,-0.0496907606720924,0,0,0.193989351391792,-0.249022305011749
116550000.00,0.0914570018649101,-0.0491357780992985,0,0,0.198112413287163,-0.26041716337204
116758125.00,0.0910025835037231,-0.0488860905170441,0,0,0.200780481100082,-0.222992703318596
116966250.00,0.0904755741357803,-0.0485975965857506,0,0,0.216098815202713,-0.190427422523499
117174375.00,0.0901235938072205,-0.0484823733568192,0,0,0.204817816615105,-0.127118736505508
117382500.00,0.0899252071976662,-0.047684695571661,0,0,0.170109391212463,-0.181976571679115
117590625.00,0.0897950530052185,-0.0472463592886925,0,0,0.122601836919785,-0.177120462059975
117798750.00,0.0891249999403954,-0.0467569045722485,0,0,0.168893486261368,-0.181315213441849
118006875.00,0.0887357071042061,-0.046402458101511,0,0,0.164492398500443,-0.161289796233177
118215000.00,0.0883551016449928,-0.0457101836800575,0,0,0.162343189120293,-0.204041540622711
118423125.00,0.0880837738513947,-0.0452076494693756,0,0,0.139983236789703,-0.209606811404228
118631250.00,0.0872687101364136,-0.0446449667215347,0,0,0.207014620304108,-0.228492721915245
118839375.00,0.0869748592376709,-0.0442362427711487,0,0,0.189147561788559,-0.220504090189934
119047500.00,0.0863792672753334,-0.0439664609730244,0,0,0.224937051534653,-0.19105638563633
119255625.00,0.086267925798893,-0.0434397533535957,0,0,0.181606635451317,-0.201712727546692
119463750.00,0.0857055485248566,-0.0432073958218098,0,0,0.215319141745567,-0.160940781235695
119671875.00,0.0851521641016006,-0.0429199896752834,0,0,0.238890632987022,-0.131664633750916
119880000.00,0.0854584872722626,-0.0423498228192329,0,0,0.124765619635582,-0.147397115826607
120088125.00,0.084897018969059,-0.0418749675154686,0,0,0.152753129601479,-0.149531483650208
120296250.00,0.0846603959798813,-0.0415562205016613,0,0,0.125003799796104,-0.132194921374321
120504375.00,0.084384486079216,-0.0408826619386673,0,0,0.10868614166975,-0.173019662499428
120712500.00,0.0839777886867523,-0.0403031334280968,0,0,0.110462427139282,-0.199650749564171
120920625.00,0.0835747122764587,-0.0397739261388779,0,0,0.113019123673439,-0.219452351331711
121128750.00,0.0829577520489693,-0.0391993597149849,0,0,0.156487166881561,-0.240754321217537
121336875.00,0.0825616866350174,-0.0387233272194862,0,0,0.162021532654762,-0.250459343194962
121545000.00,0.0820208415389061,-0.0386875197291374,0,0,0.194226652383804,-0.192240908741951
121753125.00,0.0817649438977242,-0.0384730398654938,0,0,0.173021465539932,-0.168074935674667
121961250.00,0.0810562521219254,-0.0381821878254414,0,0,0.224245503544807,-0.15680456161499
122169375.00,0.0808549895882607,-0.0380382798612118,0,0,0.191277757287025,-0.114141777157784
122377500.00,0.0806730389595032,-0.0374393463134766,0,0,0.157503098249435,-0.149056762456894
122585625.00,0.0801540315151215,-0.0373435579240322,0,0,0.177901968359947,-0.10442715883255
122793750.00,0.0798799097537994,-0.0369332693517208,0,0,0.155712887644768,-0.111073397099972
123001875.00,0.0795989036560059,-0.0365208312869072,0,0,0.138623803853989,-0.111091494560242
123210000.00,0.079351507127285,-0.0359405428171158,0,0,0.113153070211411,-0.155397891998291
123418125.00,0.0788870304822922,-0.0356322787702084,0,0,0.12853416800499,-0.148161113262177
123626250.00,0.0782920867204666,-0.0350550562143326,0,0,0.163877829909325,-0.185797274112701
123834375.00,0.0778088569641113,-0.0348010770976543,0,0,0.179290801286697,-0.17222686111927
124042500.00,0.0772738456726074,-0.0343923270702362,0,0,0.211849302053452,-0.185459852218628
124250625.00,0.0771129354834557,-0.0340494774281979,0,0,0.175156876444817,-0.179975792765617
124458750.00,0.0768269523978233,-0.0339406989514828,0,0,0.165296822786331,-0.134151339530945
124666875.00,0.0763387754559517,-0.0337664037942886,0,0,0.182792738080025,-0.107355304062366
124875000.00,0.0759627148509026,-0.0337535701692104,0,0,0.186959609389305,-0.049889899790287
125083125.00,0.0759768560528755,-0.0327719338238239,0,0,0.123823672533035,-0.155088156461716
125291250.00,0.075635127723217,-0.0326258763670921,0,0,0.120376601815224,-0.121878884732723
125499375.00,0.0753104761242867,-0.0321971513330936,0,0,0.118777200579643,-0.13780677318573
125707500.00,0.0749730989336967,-0.0316932909190655,0,0,0.111564479768276,-0.164162129163742
125915625.00,0.0747894868254662,-0.0312340259552002,0,0,0.0823555812239647,-0.181802183389664
126123750.00,0.0742064863443375,-0.0308361388742924,0,0,0.119283467531204,-0.194090232253075
126331875.00,0.0738733783364296,-0.0304438378661871,0,0,0.11379062384367,-0.20370227098465
126540000.00,0.0731036588549614,-0.0303621962666512,0,0,0.187293514609337,-0.164639115333557
126748125.00,0.0728844180703163,-0.0299309659749269,0,0,0.170791774988174,-0.178585201501846
126956250.00,0.0726470425724983,-0.0298404097557068,0,0,0.153977155685425,-0.14140459895134
127164375.00,0.0721986964344978,-0.0295623913407326,0,0,0.173031389713287,-0.134886622428894
127372500.00,0.0717786327004433,-0.0297732874751091,0,0,0.191221624612808,-0.0461157858371735
127580625.00,0.0716426074504852,-0.0291357338428497,0,0,0.159852638840675,-0.0967233926057816
127788750.00,0.0714811906218529,-0.0288940649479628,0,0,0.130834817886353,-0.0815806612372398
127996875.00,0.071307972073555,-0.0284871496260166,0,0,0.103307515382767,-0.0964327156543732
128205000.00,0.071027010679245,-0.0279604867100716,0,0,0.096593976020813,-0.129645243287086
128413125.00,0.0706656947731972,-0.0276670269668102,0,0,0.0993635579943657,-0.123898044228554
128621250.00,0.0702287554740906,-0.027131961658597,0,0,0.115942060947418,-0.159780442714691
128829375.00,0.0697126463055611,-0.0266816429793835,0,0,0.14627406001091,-0.18252931535244
129037500.00,0.0692838728427887,-0.0266342163085938,0,0,0.164595901966095,-0.141094863414764
129245625.00,0.0689365193247795,-0.0263288468122482,0,0,0.170783907175064,-0.143736556172371
129453750.00,0.0686500445008278,-0.026065381243825,0,0,0.169248998165131,-0.134952008724213
129661875.00,0.0683038458228111,-0.0260773710906506,0,0,0.174884617328644,-0.0804427340626717
129870000.00,0.0679758042097092,-0.0258244276046753,0,0,0.180454701185226,-0.0740460976958275
130078125.00,0.0680984258651733,-0.0253826659172773,0,0,0.10888085514307,-0.0984569415450096
130286250.00,0.0678266584873199,-0.0249867010861635,0,0,0.100667491555214,-0.114494517445564
130494375.00,0.0677305087447166,-0.0245873630046844,0,0,0.0660552531480789,-0.132403999567032
130702500.00,0.0673587545752525,-0.0242865681648254,0,0,0.0790621638298035,-0.133093118667603
130910625.00,0.0672720149159431,-0.0239013861864805,0,0,0.0427693836390972,-0.148959264159203
131118750.00,0.0668119862675667,-0.0236073862761259,0,0,0.0700374245643616,-0.150032013654709
131326875.00,0.0663314610719681,-0.0230592414736748,0,0,0.0992686897516251,-0.193065136671066
131535000.00,0.0659229680895805,-0.0229403246194124,0,0,0.118087820708752,-0.167533308267593
131743125.00,0.0657236948609352,-0.0227118730545044,0,0,0.107004530727863,-0.157618626952171
131951250.00,0.065211609005928,-0.0224675629287958,0,0,0.142453402280807,-0.147609904408455
132159375.00,0.064941979944706,-0.0227886717766523,0,0,0.125694632530212,-0.0809044241905212
132367500.00,0.0644167363643646,-0.0223147813230753,0,0,0.181911408901215,-0.0715702176094055
132575625.00,0.0645571872591972,-0.021915664896369,0,0,0.115587987005711,-0.0884688720107079
132783750.00,0.0643510743975639,-0.0217746365815401,0,0,0.106304705142975,-0.0640736371278763
132991875.00,0.0642472580075264,-0.0212672129273415,0,0,0.0770524144172668,-0.100258678197861
133200000.00,0.0641110688447952,-0.0209480561316013,0,0,0.056594330817461,-0.105005338788033
133408125.00,0.0636422112584114,-0.0205383989959955,0,0,0.090128630399704,-0.130979597568512
133616250.00,0.0632656142115593,-0.0199748110026121,0,0,0.106186807155609,-0.179189562797546
133824375.00,0.0630762428045273,-0.0198612324893475,0,0,0.0942010506987572,-0.152116477489471
134032500.00,0.0626707971096039,-0.0195737406611443,0,0,0.11664729565382,-0.154973775148392
134240625.00,0.0622773133218288,-0.0192662049084902,0,0,0.139526128768921,-0.161703735589981
134448750.00,0.062056977301836,-0.0192606654018164,0,0,0.132039755582809,-0.116959795355797
134656875.00,0.0616462975740433,-0.0190646667033434,0,0,0.158474028110504,-0.103850051760674
134865000.00,0.0615441650152206,-0.018757089972496,0,0,0.131399840116501,-0.107262566685677
135073125.00,0.0613634921610355,-0.0186738763004541,0,0,0.122017577290535,-0.0752399638295174
135281250.00,0.0612707026302814,-0.0183453541249037,0,0,0.0945671796798706,-0.0847632214426994
135489375.00,0.0612680912017822,-0.0179559700191021,0,0,0.05469910800457,-0.108570545911789
135697500.00,0.0610155463218689,-0.0178938210010529,0,0,0.0554860942065716,-0.0762165486812592
135905625.00,0.0608052536845207,-0.0174297820776701,0,0,0.0492527112364769,-0.111990861594677
136113750.00,0.060477152466774,-0.0169686656445265,0,0,0.0602224133908749,-0.142969757318497
136321875.00,0.0600884556770325,-0.0165760684758425,0,0,0.0839055553078651,-0.162489101290703
136530000.00,0.0599973201751709,-0.0161724723875523,0,0,0.0600664764642715,-0.185507670044899
136738125.00,0.0595593750476837,-0.0161420349031687,0,0,0.0936418473720551,-0.149523988366127
136946250.00,0.0592833794653416,-0.0160668641328812,0,0,0.102776855230331,-0.119306638836861
137154375.00,0.0587757304310799,-0.016054654493928,0,0,0.147503644227982,-0.0795508697628975
137362500.00,0.0582394041121006,-0.0157625451683998,0,0,0.196345522999763,-0.0871665850281715
137570625.00,0.0584110654890537,-0.0158237107098103,0,0,0.133626580238342,-0.0320560783147812
137778750.00,0.0583470165729523,-0.0154342781752348,0,0,0.102724477648735,-0.0534020513296127
137986875.00,0.0583839416503906,-0.0151239847764373,0,0,0.0583922415971756,-0.0627909675240517
138195000.00,0.0580400191247463,-0.0148452362045646,0,0,0.0795036777853966,-0.0680470317602158
138403125.00,0.0579095706343651,-0.0144267259165645,0,0,0.0600096993148327,-0.0941834598779678
138611250.00,0.0576823651790619,-0.0141691043972969,0,0,0.058897539973259,-0.0951845645904541
138819375.00,0.0573975518345833,-0.0136569300666451,0,0,0.067805603146553,-0.140149399638176
139027500.00,0.0569884069263935,-0.0133129488676786,0,0,0.0957533866167068,-0.157644987106323
139235625.00,0.0566089041531086,-0.0133274607360363,0,0,0.120930016040802,-0.119252733886242
139443750.00,0.0564257577061653,-0.013159423135221,0,0,0.112473398447037,-0.107702165842056
139651875.00,0.0561158135533333,-0.0128951417282224,0,0,0.128980204463005,-0.113329581916332
139860000.00,0.0559935048222542,-0.0130704389885068,0,0,0.119711101055145,-0.0426741056144238
140068125.00,0.0557676665484905,-0.0130530158057809,0,0,0.119557701051235,-0.0105691403150558
140276250.00,0.0556059442460537,-0.0125959925353527,0,0,0.111048214137554,-0.0487998612225056
140484375.00,0.0557339526712894,-0.0121222231537104,0,0,0.0536060445010662,-0.0885025337338448
140692500.00,0.0554860047996044,-0.0118307620286942,0,0,0.0606156550347805,-0.0975102558732033
140900625.00,0.0554741732776165,-0.0118159092962742,0,0,0.0308492183685303,-0.0588314160704613
141108750.00,0.0551877245306969,-0.0112193180248141,0,0,0.0441460087895393,-0.117533996701241
141316875.00,0.0550637952983379,-0.0108888959512115,0,0,0.0307590439915657,-0.13306599855423
141525000.00,0.0545806214213371,-0.0106529984623194,0,0,0.075691282749176,-0.137663900852203
141733125.00,0.0545182675123215,-0.0103812655434012,0,0,0.0560353249311447,-0.145635396242142
141941250.00,0.0540207251906395,-0.0102516077458858,0,0,0.107121795415878,-0.12769977748394
142149375.00,0.0537993535399437,-0.0104440925642848,0,0,0.111658245325089,-0.0582051575183868
142357500.00,0.0536189749836922,-0.0102743115276098,0,0,0.110057055950165,-0.0528155863285065
142565625.00,0.0532771982252598,-0.0102165583521128,0,0,0.133359685540199,-0.0281437803059816
142773750.00,0.0533082596957684,-0.0098770996555686,0,0,0.0958879962563515,-0.046471256762743
142981875.00,0.0530580617487431,-0.00950824189931154,0,0,0.103053465485573,-0.0729327797889709
143190000.00,0.0532119870185852,-0.0092482203617692,0,0,0.0436930917203426,-0.0773559063673019
143398125.00,0.0530161783099175,-0.00923218484967947,0,0,0.0395672731101513,-0.0466312877833843
143606250.00,0.0528370477259159,-0.00866510067135096,0,0,0.0347222946584225,-0.105506360530853
143814375.00,0.0524305179715157,-0.00840785261243582,0,0,0.069290965795517,-0.116621792316437
144022500.00,0.051874965429306,-0.00822823867201805,0,0,0.121845632791519,-0.116021193563938
144230625.00,0.0518940500915051,-0.00792940054088831,0,0,0.0815998464822769,-0.133992850780487
144438750.00,0.0514672473073006,-0.00793407578021288,0,0,0.115224555134773,-0.103413224220276
144646875.00,0.051066167652607,-0.00762350857257843,0,0,0.144038438796997,-0.120172880589962
144855000.00,0.0508963093161583,-0.00773047562688589,0,0,0.138142436742783,-0.0728773474693298
145063125.00,0.0507976189255714,-0.00777352228760719,0,0,0.12009509652853,-0.0342858880758286
145271250.00,0.0506258606910706,-0.00760464323684573,0,0,0.11376666277647,-0.0293577015399933
145479375.00,0.0507551990449429,-0.00723344553261995,0,0,0.0600643455982208,-0.0573744848370552
145687500.00,0.0506472550332546,-0.00696377968415618,0,0,0.0460621975362301,-0.0727812573313713
145895625.00,0.0504182018339634,-0.00668495055288076,0,0,0.0498640350997448,-0.090395100414753
146103750.00,0.0501127429306507,-0.00662528816610575,0,0,0.0660256743431091,-0.0714181959629059
146311875.00,0.0498764589428902,-0.00624809972941875,0,0,0.0690177083015442,-0.108352586627007
146520000.00,0.0500804148614407,-0.0060769971460104,0,0,0.00424790196120739,-0.10745558142662
146728125.00,0.0493075102567673,-0.0059358743019402,0,0,0.103735968470573,-0.102682612836361
146936250.00,0.0490225069224834,-0.00559501210227609,0,0,0.117131754755974,-0.127903163433075
147144375.00,0.0488572679460049,-0.00585702667012811,0,0,0.114859417080879,-0.0538245663046837
147352500.00,0.0484806746244431,-0.00563695002347231,0,0,0.147063821554184,-0.0592136979103088
147560625.00,0.0483338087797165,-0.00560058699920774,0,0,0.142344668507576,-0.0334273427724838
147768750.00,0.0486115477979183,-0.00531111052259803,0,0,0.0603765957057476,-0.0495223104953766
147976875.00,0.0485168322920799,-0.00518938014283776,0,0,0.0460779927670956,-0.0382419116795063
148185000.00,0.0482015274465084,-0.00494053028523922,0,0,0.0680010169744492,-0.0490470826625824
148393125.00,0.0481971018016338,-0.004827203694731,0,0,0.0344926342368126,-0.038842186331749
148601250.00,0.0481660887598991,-0.00456951791420579,0,0,0.00767225306481123,-0.0560375154018402
148809375.00,0.0477480888366699,-0.00418237736448646,0,0,0.0455017611384392,-0.093228816986084
149017500.00,0.0475290045142174,-0.00395395560190082,0,0,0.0569794699549675,-0.103774264454842
149225625.00,0.0472520217299461,-0.00376951601356268,0,0,0.0716488212347031,-0.107374280691147
149433750.00,0.0470759533345699,-0.0035593647044152,0,0,0.0680005103349686,-0.112570866942406
149641875.00,0.0466741546988487,-0.00339467683807015,0,0,0.103830970823765,-0.113064728677273
149850000.00,0.0465318784117699,-0.00339177227579057,0,0,0.0981751680374146,-0.0834393203258514
150058125.00,0.0464133433997631,-0.00357406050898135,0,0,0.0857436060905457,-0.0236441344022751
150266250.00,0.0460279323160648,-0.00336536346003413,0,0,0.120450891554356,-0.0298313293606043
150474375.00,0.0462050102651119,-0.00303562358021736,0,0,0.0627331286668777,-0.055133044719696
150682500.00,0.0461444705724716,-0.0027638585306704,0,0,0.0457400977611542,-0.0692086890339851
150890625.00,0.0460970997810364,-0.00256389263086021,0,0,0.0247884355485439,-0.068019837141037
151098750.00,0.0459954552352428,-0.0023246593773365,0,0,0.0150914415717125,-0.0792500078678131
151306875.00,0.0458693876862526,-0.00212221406400204,0,0,0.00379034504294395,-0.085739903151989
151515000.00,0.0453037098050117,-0.00202094460837543,0,0,0.0688971355557442,-0.0792423114180565
151723125.00,0.0449444316327572,-0.00177600095048547,0,0,0.102005936205387,-0.0922391191124916
151931250.00,0.0450185835361481,-0.0017092926427722,0,0,0.0593171641230583,-0.0786243081092834
152139375.00,0.0443335399031639,-0.00152202136814594,0,0,0.143805369734764,-0.0836449861526489
152347500.00,0.0443865954875946,-0.0015892032533884,0,0,0.107772588729858,-0.0459249019622803
152555625.00,0.0442352145910263,-0.00134717102628201,0,0,0.104766011238098,-0.0604794472455978
152763750.00,0.0444803610444069,-0.00144061050377786,0,0,0.0409064292907715,-0.013336225412786
152971875.00,0.0438703596591949,-0.00111234129872173,0,0,0.114824146032333,-0.0414353311061859
153180000.00,0.0438800044357777,-0.00128820107784122,0,0,0.0882866084575653,0.0138242561370134
153388125.00,0.0439394265413284,-0.000755832297727466,0,0,0.0508231446146965,-0.0477490648627281
153596250.00,0.0438962429761887,-0.000614058109931648,0,0,0.0306080263108015,-0.0432975441217422
153804375.00,0.0437210761010647,-0.000178099027834833,0,0,0.0311960987746716,-0.0908128321170807
154012500.00,0.0433992333710194,-4.83229523524642E-05,0,0,0.0550459362566471,-0.087646946310997
154220625.00,0.0432159528136253,2.76375212706625E-05,0,0,0.0599503256380558,-0.0742825493216515
154428750.00,0.0430059246718884,0.000360469479346648,0,0,0.0661007687449455,-0.0991065502166748
154636875.00,0.042850561439991,0.000610944000072777,0,0,0.0664570033550262,-0.113358899950981
154845000.00,0.0425097085535526,0.000559381442144513,0,0,0.100013874471188,-0.0805888026952744
155053125.00,0.0426313728094101,0.000577731872908771,0,0,0.0606717579066753,-0.0578425191342831
155261250.00,0.0422024428844452,0.000736940535716712,0,0,0.107214644551277,-0.056530836969614
155469375.00,0.0421022549271584,0.000745861034374684,0,0,0.100732855498791,-0.0239736512303352
155677500.00,0.0423732846975327,0.000959575292654336,0,0,0.0315565094351768,-0.0323910601437092
155885625.00,0.0422496609389782,0.00127172307111323,0,0,0.0270696058869362,-0.0563495047390461
156093750.00,0.0420781150460243,0.00148286577314138,0,0,0.0292556062340736,-0.0673029273748398
156301875.00,0.041862104088068,0.00173079269006848,0,0,0.0399677753448486,-0.082415297627449
156510000.00,0.0416977666318417,0.00193980254698545,0,0,0.0389783717691898,-0.0889754146337509
156718125.00,0.0414649620652199,0.00222234474495053,0,0,0.0547160133719444,-0.10868638753891
156926250.00,0.0412902571260929,0.00231392867863178,0,0,0.0580920539796352,-0.098652109503746
157134375.00,0.0409292243421078,0.00252465531229973,0,0,0.093722864985466,-0.107224360108376
157342500.00,0.0406267195940018,0.0024558762088418,0,0,0.118168592453003,-0.069779559969902
157550625.00,0.0405354611575603,0.00249863881617785,0,0,0.109909862279892,-0.0530385859310627
157758750.00,0.0404566898941994,0.00248953816480935,0,0,0.0951009914278984,-0.02918959595263
157966875.00,0.0403666459023952,0.00255691376514733,0,0,0.0871077179908752,-0.0142034348100424
158175000.00,0.0404031500220299,0.00278657441958785,0,0,0.0555159151554108,-0.0231975223869085
158383125.00,0.0404266640543938,0.00286713731475174,0,0,0.0268968176096678,-0.0121591035276651
158591250.00,0.0400424785912037,0.00358281331136823,0,0,0.0648392364382744,-0.105704933404922
158799375.00,0.0402840413153172,0.00346163706853986,0,0,0.00056576170027256,-0.0569953210651875
159007500.00,0.0400149375200272,0.00373752252198756,0,0,0.0239983405917883,-0.078326977789402
159215625.00,0.03990788012743,0.00408132979646325,0,0,0.0220837444067001,-0.111694976687431
159423750.00,0.0398712195456028,0.00422835815697908,0,0,0.00627478770911694,-0.111446730792522
159631875.00,0.0391021594405174,0.00405841786414385,0,0,0.106853395700455,-0.0601961091160774
159840000.00,0.0391371287405491,0.00431871833279729,0,0,0.0765740722417831,-0.083462655544281
160048125.00,0.0390296131372452,0.00431365892291069,0,0,0.0748572498559952,-0.0599963776767254
160256250.00,0.0388214029371738,0.00447738263756037,0,0,0.087134875357151,-0.0651351734995842
160464375.00,0.0386189036071301,0.00439329911023378,0,0,0.0983579382300377,-0.0262142326682806
160672500.00,0.0388749986886978,0.00465823337435722,0,0,0.0302051026374102,-0.0443475730717182
160880625.00,0.0387025624513626,0.00478672841563821,0,0,0.0387042798101902,-0.043333575129509
161088750.00,0.0389079116284847,0.0047143823467195,0,0,-0.0128284357488155,-0.00816348940134048
161296875.00,0.0384290032088757,0.00526116183027625,0,0,0.0458778291940689,-0.0775280445814133
161505000.00,0.0384923629462719,0.0055135814473033,0,0,0.0170461535453796,-0.0954990088939667
161713125.00,0.0380842573940754,0.00570228789001703,0,0,0.064057320356369,-0.101971134543419
161921250.00,0.0380624122917652,0.00582287600263953,0,0,0.0444378480315208,-0.1008305773139
162129375.00,0.0378116220235825,0.00592757482081652,0,0,0.0636958256363869,-0.0975113064050674
162337500.00,0.0374176278710365,0.00577675784006715,0,0,0.108803793787956,-0.0494426712393761
162545625.00,0.037301205098629,0.00596040114760399,0,0,0.10983544588089,-0.057030625641346
162753750.00,0.0372395366430283,0.00609518168494105,0,0,0.0969126671552658,-0.0539056360721588
162961875.00,0.0370238348841667,0.0056854453869164,0,0,0.112548999488354,0.0394548326730728
163170000.00,0.0371791236102581,0.00629171635955572,0,0,0.0646232664585114,-0.0395487323403358
163378125.00,0.0375578366219997,0.00642987340688705,0,0,-0.0159409493207932,-0.038222536444664
163586250.00,0.037344928830862,0.00649438565596938,0,0,-0.000949632376432419,-0.0321591533720493
163794375.00,0.0371790640056133,0.00674277637153864,0,0,0.00530108669772744,-0.048085231333971
164002500.00,0.0369295701384544,0.00700838724151254,0,0,0.0232999362051487,-0.0693554952740669
164210625.00,0.0367335006594658,0.00712416041642427,0,0,0.0339585617184639,-0.0680674016475677
164418750.00,0.0364940389990807,0.0074431961402297,0,0,0.0536565594375134,-0.097187839448452
164626875.00,0.0364372953772545,0.0074275410734117,0,0,0.0461743995547295,-0.0754035338759422
164835000.00,0.0361347831785679,0.00763924885541201,0,0,0.0779336392879486,-0.0895392298698425
165043125.00,0.0358244590461254,0.00751114776358008,0,0,0.105861626565456,-0.046783771365881
165251250.00,0.0357450284063816,0.00762179354205728,0,0,0.0970057994127274,-0.0485947579145432
165459375.00,0.0358539335429668,0.00738241756334901,0,0,0.055676206946373,0.00978952087461948
165667500.00,0.0357591100037098,0.00770904356613755,0,0,0.0536227151751518,-0.027942007407546
165875625.00,0.0359292440116405,0.00781285297125578,0,0,-0.000944181811064482,-0.0211027562618256
166083750.00,0.0356187261641026,0.00795077253133059,0,0,0.0330338776111603,-0.0279924534261227
166291875.00,0.0356124080717564,0.0082826092839241,0,0,0.0121272886171937,-0.0614719279110432
166500000.00,0.0351960957050323,0.0083928257226944,0,0,0.0562957897782326,-0.0609167739748955
166708125.00,0.0351506359875202,0.00852093659341335,0,0,0.0421449467539787,-0.0643821805715561
166916250.00,0.0344825461506844,0.00885823741555214,0,0,0.129703268408775,-0.104742094874382
167124375.00,0.0348838083446026,0.00888155959546566,0,0,0.041697796434164,-0.0900747701525688
167332500.00,0.0344652645289898,0.00902863405644894,0,0,0.0932675078511238,-0.0975271165370941
167540625.00,0.0344334281980991,0.00884662102907896,0,0,0.0775893032550812,-0.0486184135079384
167748750.00,0.0341984257102013,0.00882782321423292,0,0,0.0980559438467026,-0.0278778821229935
167956875.00,0.0342572182416916,0.00879571959376335,0,0,0.0700088515877724,-0.00607178173959255
168165000.00,0.0341899022459984,0.00880401767790318,0,0,0.0576586835086346,0.0117428954690695
168373125.00,0.0341622121632099,0.00923256110399961,0,0,0.04079669713974,-0.0388810150325298
168581250.00,0.0339295119047165,0.00929474830627441,0,0,0.0558731891214848,-0.026220791041851
168789375.00,0.0340043231844902,0.00937758572399616,0,0,0.0195050481706858,-0.019704632461071
168997500.00,0.0339977368712425,0.00968146696686745,0,0,-0.000668470747768879,-0.05183345079422
169205625.00,0.0337937772274017,0.00972315296530724,0,0,0.0093575082719326,-0.042574904859066
169413750.00,0.0335817113518715,0.0100837061181664,0,0,0.0232819076627493,-0.0884068980813026
169621875.00,0.0334663689136505,0.0100750774145126,0,0,0.0222811326384544,-0.0677401199936867
169830000.00,0.0331422425806522,0.0105157280340791,0,0,0.0560895949602127,-0.117070868611336
170038125.00,0.0328980274498463,0.0102252094075084,0,0,0.0788040980696678,-0.0476780906319618
170246250.00,0.0328276045620441,0.0105240158736706,0,0,0.0713698342442513,-0.0767622068524361
170454375.00,0.0326277017593384,0.0104633141309023,0,0,0.0832288563251495,-0.045045480132103
170662500.00,0.0325342528522015,0.0103931669145823,0,0,0.0790646970272064,-0.0133077744394541
170870625.00,0.0326730348169804,0.0103941224515438,0,0,0.0408767908811569,0.00443910667672753
171078750.00,0.032628420740366,0.0105862729251385,0,0,0.02709667570889,-0.00584298744797707
171286875.00,0.032419141381979,0.0107565280050039,0,0,0.0399615839123726,-0.0127876335754991
171495000.00,0.0323115773499012,0.0111587857827544,0,0,0.0353218726813793,-0.0609926469624043
171703125.00,0.0322558358311653,0.0111559955403209,0,0,0.0217103771865368,-0.0427608415484428
171911250.00,0.0320015214383602,0.0113950865343213,0,0,0.0409923791885376,-0.0628551542758942
172119375.00,0.03182128444314,0.0118557577952743,0,0,0.0513804368674755,-0.121123149991035
172327500.00,0.0317169316112995,0.0119086941704154,0,0,0.0487133413553238,-0.110245868563652
172535625.00,0.0315309502184391,0.0118285147473216,0,0,0.0606232061982155,-0.0796327441930771
172743750.00,0.0312696397304535,0.0118136936798692,0,0,0.0882108956575394,-0.0559679567813873
172951875.00,0.0312737748026848,0.011730051599443,0,0,0.0676445364952087,-0.0255653150379658
173160000.00,0.0310973897576332,0.0117064509540796,0,0,0.0790854021906853,-0.00111419148743153
173368125.00,0.0310510508716106,0.0118196746334434,0,0,0.0679425001144409,-0.0024048644118011
173576250.00,0.0312538109719753,0.0122081506997347,0,0,0.0138831064105034,-0.0472316257655621
173784375.00,0.0311688352376223,0.0123483100906014,0,0,0.00771643966436386,-0.0529898703098297
173992500.00,0.0309125818312168,0.0124941263347864,0,0,0.0319352373480797,-0.0562509596347809
174200625.00,0.0310366507619619,0.0125834802165627,0,0,-0.00482062995433807,-0.0524185299873352
174408750.00,0.0309033077210188,0.0129109220579267,0,0,-0.00101373717188835,-0.0923515483736992
174616875.00,0.0305758640170097,0.0129629354923964,0,0,0.0349538773298264,-0.0831266641616821
174825000.00,0.0306092649698257,0.0132491569966078,0,0,0.0136746168136597,-0.113092690706253
175033125.00,0.0302059128880501,0.0131115512922406,0,0,0.0659742802381516,-0.0718551725149155
175241250.00,0.0299942344427109,0.0132622485980392,0,0,0.0826471373438835,-0.0790692865848541
175449375.00,0.0297558251768351,0.0130352228879929,0,0,0.104490667581558,-0.019963376224041
175657500.00,0.029969297349453,0.0129506876692176,0,0,0.0496803633868694,0.0088894022628665
175865625.00,0.0298694409430027,0.0131085049360991,0,0,0.0467449501156807,0.000402329227654263
176073750.00,0.029828542843461,0.0133758187294006,0,0,0.0334505029022694,-0.0264678150415421
176281875.00,0.0298192482441664,0.0134345730766654,0,0,0.0161682702600956,-0.0191619247198105
176490000.00,0.0297415386885405,0.0136380372568965,0,0,0.00549692241474986,-0.0357174687087536
176698125.00,0.0296110883355141,0.0138438995927572,0,0,0.0091427955776453,-0.0542865544557571
176906250.00,0.0295424498617649,0.0141053786501288,0,0,0.0034031830728054,-0.0793907046318054
177114375.00,0.0293270368129015,0.01429214887321,0,0,0.0197464432567358,-0.0927580744028091
177322500.00,0.0291674174368382,0.0143042365089059,0,0,0.0302830748260021,-0.0799105912446976
177530625.00,0.0286892894655466,0.014492123387754,0,0,0.0934035703539848,-0.0923825651407242
177738750.00,0.0286802724003792,0.0143351852893829,0,0,0.0777821391820908,-0.0466859415173531
177946875.00,0.0284650884568691,0.0143681755289435,0,0,0.0984070897102356,-0.0376986674964428
178155000.00,0.0286746583878994,0.014402556233108,0,0,0.0477650202810764,-0.0252080913633108
178363125.00,0.0284942593425512,0.0142704555764794,0,0,0.0655013918876648,0.012680004350841
178571250.00,0.0286455228924751,0.0145579800009727,0,0,0.0243370719254017,-0.0162612311542034
178779375.00,0.0285678580403328,0.0147069096565247,0,0,0.0196737106889486,-0.0221951957792044
178987500.00,0.0284752324223518,0.0147804552689195,0,0,0.0157975889742374,-0.0194122213870287
179195625.00,0.0283984262496233,0.0149873746559024,0,0,0.0116188423708081,-0.0344958752393723
179403750.00,0.0284205824136734,0.0153064308688045,0,0,-0.00815826468169689,-0.069901168346405
179611875.00,0.0280477348715067,0.0153637239709496,0,0,0.0372427999973297,-0.064298078417778
179820000.00,0.0278414487838745,0.0155744198709726,0,0,0.0518441759049892,-0.0845672711730003
180028125.00,0.0278020016849041,0.0157182924449444,0,0,0.0406441316008568,-0.0905235782265663
180236250.00,0.0275180246680975,0.0157092232257128,0,0,0.0728601962327957,-0.0741841271519661
180444375.00,0.0272996705025434,0.0154689764603972,0,0,0.0924938172101974,-0.0163288228213787
180652500.00,0.0272078327834606,0.0157256852835417,0,0,0.0883879065513611,-0.0417275428771973
180860625.00,0.0273741893470287,0.0155819347128272,0,0,0.0471111461520195,0.0039715520106256
181068750.00,0.0272850189357996,0.0158163402229548,0,0,0.0478170178830624,-0.013127388432622
181276875.00,0.0272705033421516,0.0158769451081753,0,0,0.0327052809298038,-0.00401009060442448
181485000.00,0.0272348131984472,0.0161268953233957,0,0,0.0236068330705166,-0.0305914878845215
181693125.00,0.0271684285253286,0.0161094032227993,0,0,0.0185563899576664,-0.0152925085276365
181901250.00,0.0269865710288286,0.0164562668651342,0,0,0.0313242822885513,-0.0575278028845787
182109375.00,0.0269618313759565,0.0167822819203138,0,0,0.0135612022131681,-0.0960356667637825
182317500.00,0.0266916453838348,0.0167815908789635,0,0,0.0446073710918427,-0.0809735283255577
182525625.00,0.0261982306838036,0.016630744561553,0,0,0.107903271913528,-0.0396173223853111
182733750.00,0.0263207145035267,0.0167771223932505,0,0,0.0700569748878479,-0.0463123098015785
182941875.00,0.0262067057192326,0.016816359013319,0,0,0.072443313896656,-0.0388272367417812
183150000.00,0.025965116918087,0.0169535297900438,0,0,0.0971972048282623,-0.0440828092396259
183358125.00,0.0259029977023602,0.016971742734313,0,0,0.0927387401461601,-0.0233730934560299
183566250.00,0.0262316819280386,0.0170318875461817,0,0,0.0227977689355612,-0.0141870444640517
183774375.00,0.026035875082016,0.0173104964196682,0,0,0.0387313552200794,-0.0440839268267155
183982500.00,0.026086650788784,0.0174611136317253,0,0,0.0116901602596045,-0.0504840239882469
184190625.00,0.0260804779827595,0.0173797011375427,0,0,-0.00473591452464461,-0.0156320538371801
184398750.00,0.0260560680180788,0.0176182221621275,0,0,-0.0141655448824167,-0.0400096923112869
184606875.00,0.0258434750139713,0.0179966930299997,0,0,0.00675230100750923,-0.0835155099630356
184815000.00,0.025509424507618,0.0180646274238825,0,0,0.0471644476056099,-0.0774775147438049
185023125.00,0.0254589207470417,0.0182613041251898,0,0,0.0430548712611198,-0.0962479785084724
185231250.00,0.0251838713884354,0.0182427708059549,0,0,0.0727363526821136,-0.0725011825561523
185439375.00,0.0249827932566404,0.0183564107865095,0,0,0.0918846055865288,-0.0717668160796165
185647500.00,0.0250740051269531,0.0179983656853437,0,0,0.0590900182723999,0.00523338466882706
185855625.00,0.0246668197214603,0.0181861389428377,0,0,0.113818511366844,-0.00996420904994011
186063750.00,0.0252024587243795,0.0181979145854712,0,0,0.011023310944438,0.00958508998155594
186271875.00,0.0249244626611471,0.0185755509883165,0,0,0.0379906632006168,-0.0335464812815189
186480000.00,0.0250264648348093,0.0184288285672665,0,0,0.00416859425604343,0.0109945386648178
186688125.00,0.024965588003397,0.0186639614403248,0,0,-0.00402578292414546,-0.00948200933635235
186896250.00,0.0246949959546328,0.0190485548228025,0,0,0.0222005471587181,-0.0596149452030659
187104375.00,0.0246296022087336,0.0191882476210594,0,0,0.0161700658500195,-0.0670942962169647
187312500.00,0.0244358163326979,0.0192744974046946,0,0,0.0299395713955164,-0.0690338611602783
187520625.00,0.0243067089468241,0.0195545647293329,0,0,0.0336164198815823,-0.103551611304283
187728750.00,0.0238428059965372,0.0195991359651089,0,0,0.0911855399608612,-0.0927953273057938
187936875.00,0.023761622607708,0.0194308329373598,0,0,0.0839904993772507,-0.0507581457495689
188145000.00,0.0236832089722157,0.0194373782724142,0,0,0.0795076042413712,-0.0373811274766922
188353125.00,0.0235969852656126,0.0195559225976467,0,0,0.0772445574402809,-0.036015473306179
188561250.00,0.0237059034407139,0.0196596011519432,0,0,0.0418010130524635,-0.0342508070170879
188769375.00,0.0236059278249741,0.0193387027829885,0,0,0.044982984662056,0.0381563641130924
188977500.00,0.0235110484063625,0.0195898879319429,0,0,0.0414902903139591,0.010246254503727
189185625.00,0.0234717205166817,0.0199147816747427,0,0,0.0304297264665365,-0.0281133092939854
189393750.00,0.0233146566897631,0.0204156711697578,0,0,0.0365761369466782,-0.0956002697348595
189601875.00,0.0234315879642963,0.0203283708542585,0,0,0.00153912976384163,-0.0642597824335098
189810000.00,0.0233679786324501,0.020614143460989,0,0,-0.00925775803625584,-0.095974512398243
190018125.00,0.0228551272302866,0.0205393619835377,0,0,0.058869443833828,-0.0712013840675354
190226250.00,0.0225316733121872,0.0205349083989859,0,0,0.0938788950443268,-0.055137749761343
190434375.00,0.0223406720906496,0.0204345285892487,0,0,0.107621900737286,-0.0262141637504101
190642500.00,0.0225117262452841,0.0204577352851629,0,0,0.065032035112381,-0.0168544072657824
190850625.00,0.0224114321172237,0.0205348823219538,0,0,0.0655549764633179,-0.0127094909548759
191058750.00,0.0222923941910267,0.0204751715064049,0,0,0.0692967176437378,0.0117783527821302
191266875.00,0.0222992636263371,0.0207555741071701,0,0,0.0520656667649746,-0.0202891379594803
191475000.00,0.0223125405609608,0.0208273474127054,0,0,0.0313694439828396,-0.0175486095249653
191683125.00,0.022367937490344,0.0211463421583176,0,0,0.00514785759150982,-0.0548466481268406
191891250.00,0.0222408939152956,0.02156194858253,0,0,0.0079621784389019,-0.102405682206154
192099375.00,0.0221413653343916,0.0212802104651928,0,0,0.00545422360301018,-0.0434124171733856
192307500.00,0.0218654442578554,0.0216201338917017,0,0,0.0355501249432564,-0.081426702439785
192515625.00,0.0217940602451563,0.0218490548431873,0,0,0.0314937494695187,-0.103637255728245
192723750.00,0.021548192948103,0.0217765979468822,0,0,0.0541462898254395,-0.0765290930867195
192931875.00,0.0214097965508699,0.0217016842216253,0,0,0.0635808780789375,-0.0508133918046951
193140000.00,0.0214310307055712,0.0216844584792852,0,0,0.0440795496106148,-0.0312223024666309
193348125.00,0.021261889487505,0.0217653624713421,0,0,0.0577545985579491,-0.028879813849926
193556250.00,0.0209003463387489,0.0218356791883707,0,0,0.100291304290295,-0.0263729505240917
193764375.00,0.021188186481595,0.0217785574495792,0,0,0.0335525088012218,-0.000315193901769817
193972500.00,0.021193066611886,0.0218604411929846,0,0,0.0154855474829674,0.00376025028526783
194180625.00,0.0210962183773518,0.022097609937191,0,0,0.014275161549449,-0.0194409601390362
194388750.00,0.0210646670311689,0.0223730262368917,0,0,0.00115244928747416,-0.0475530736148357
194596875.00,0.0208741705864668,0.0225705616176128,0,0,0.0142171084880829,-0.0651705786585808
194805000.00,0.0206502787768841,0.0228663943707943,0,0,0.034958939999342,-0.0982444509863853
195013125.00,0.0204101856797934,0.0228597372770309,0,0,0.0602676570415497,-0.0835151821374893
195221250.00,0.0203522033989429,0.0230520442128181,0,0,0.0524208769202232,-0.0990067273378372
195429375.00,0.0199920274317265,0.0229707472026348,0,0,0.0974480509757996,-0.070537343621254
195637500.00,0.0200285073369741,0.0228095147758722,0,0,0.0745410993695259,-0.0254585593938828
195845625.00,0.0197785329073668,0.0227947719395161,0,0,0.0977124869823456,-0.00993113964796066
196053750.00,0.0199822168797255,0.0228869393467903,0,0,0.0493411235511303,-0.00545355072245002
196261875.00,0.0198763255029917,0.0229635201394558,0,0,0.0553399063646793,-0.00192916137166321
196470000.00,0.0199308060109615,0.0231547523289919,0,0,0.0273857340216637,-0.0181578639894724
196678125.00,0.0198662653565407,0.0233986303210258,0,0,0.0221003126353025,-0.0408389829099178
196886250.00,0.0199402775615454,0.0235469695180655,0,0,-0.00633437745273113,-0.0488973222672939
197094375.00,0.0198618061840534,0.0237357839941978,0,0,-0.00461006909608841,-0.0628249645233154
197302500.00,0.0198305435478687,0.0237951707094908,0,0,-0.0157666355371475,-0.0566796511411667
197510625.00,0.0195329114794731,0.0240663010627031,0,0,0.0194614678621292,-0.0873124971985817
197718750.00,0.0191326905041933,0.0240935105830431,0,0,0.069975309073925,-0.0759269893169403
197926875.00,0.0190297532826662,0.0240042991936207,0,0,0.0684109404683113,-0.0474482625722885
198135000.00,0.0188950505107641,0.0241783205419779,0,0,0.0761347785592079,-0.0580160915851593
198343125.00,0.018706614151597,0.0240243300795555,0,0,0.0913426131010056,-0.0180740058422089
198551250.00,0.0188430231064558,0.0240139868110418,0,0,0.0531973317265511,0.00291903875768185
198759375.00,0.0186743717640638,0.0240810327231884,0,0,0.0628830194473267,0.0106809660792351
198967500.00,0.0187886878848076,0.0242799241095781,0,0,0.0277962870895863,-0.00681621069088578
199175625.00,0.018624447286129,0.0243389643728733,0,0,0.0395431891083717,-0.00103523023426533
199383750.00,0.0188002567738295,0.024668512865901,0,0,-0.00735548045486212,-0.0360020399093628
199591875.00,0.0187683161348104,0.0247502233833075,0,0,-0.0225504115223885,-0.0281140394508839
199800000.00,0.0185579638928175,0.0249729603528976,0,0,0.00304367393255234,-0.0512316785752773
200008125.00,0.0182589646428823,0.0252473726868629,0,0,0.0340701602399349,-0.0807990729808807
200216250.00,0.0182122606784105,0.0252060052007437,0,0,0.026194266974926,-0.0617966912686825
200424375.00,0.0176723785698414,0.0254063475877047,0,0,0.102515049278736,-0.0812855288386345
200632500.00,0.0177769511938095,0.0252381283789873,0,0,0.0714528784155846,-0.0436031818389893
200840625.00,0.017588809132576,0.0250729247927666,0,0,0.0887893736362457,-0.000743836164474487
201048750.00,0.0176473371684551,0.0251700486987829,0,0,0.0648292228579521,-0.00293407961726189
201256875.00,0.0175642371177673,0.0250650215893984,0,0,0.060502540320158,0.0328970924019814
201465000.00,0.0174404941499233,0.0253389440476894,0,0,0.0636421740055084,0.00653659738600254
201673125.00,0.0176162403076887,0.0255767852067947,0,0,0.0160182360559702,-0.0147322369739413
201881250.00,0.0177130401134491,0.0258274860680103,0,0,-0.01683134958148,-0.0441574491560459
202089375.00,0.0175723917782307,0.0259253885596991,0,0,-0.00899588223546743,-0.0419975072145462
202297500.00,0.0173443295061588,0.0261742565780878,0,0,0.01240449026227,-0.0699836984276772
202505625.00,0.0171638075262308,0.0263767391443253,0,0,0.0252754688262939,-0.0899851322174072
202713750.00,0.0168865900486708,0.0265208687633276,0,0,0.0553959347307682,-0.0973797515034676
202921875.00,0.0167450811713934,0.0264418218284845,0,0,0.0652197599411011,-0.0692025274038315
203130000.00,0.0167564824223518,0.0263797640800476,0,0,0.0470838360488415,-0.0435290597379208
203338125.00,0.0164515636861324,0.0265035387128592,0,0,0.0867686867713928,-0.0476268194615841
203546250.00,0.0165513213723898,0.0263439118862152,0,0,0.0540642589330673,-0.00408701598644257
203754375.00,0.0164817813783884,0.0265333503484726,0,0,0.0491514764726162,-0.0197176337242126
203962500.00,0.0164038985967636,0.026486961171031,0,0,0.0484084263443947,0.00343400472775102
204170625.00,0.0164265278726816,0.0266056228429079,0,0,0.0253223851323128,0.00267886649817228
204378750.00,0.0163885373622179,0.0267233103513718,0,0,0.0134559739381075,0.00115540437400341
204586875.00,0.0162345357239246,0.027284499257803,0,0,0.021809546276927,-0.0776991471648216
204795000.00,0.01624552346766,0.027187243103981,0,0,0.00140695087611675,-0.046363040804863
205003125.00,0.0158084593713284,0.0273761302232742,0,0,0.0557448156177998,-0.0641340985894203
205211250.00,0.0157320387661457,0.0275075417011976,0,0,0.0542055293917656,-0.0689810961484909
205419375.00,0.0155853163450956,0.0276504196226597,0,0,0.063236191868782,-0.0736870914697647
205627500.00,0.0153950983658433,0.0278492048382759,0,0,0.0770199224352837,-0.0902876481413841
205835625.00,0.0151679487898946,0.027789793908596,0,0,0.0954349488019943,-0.0644497573375702
206043750.00,0.0150732286274433,0.027636993676424,0,0,0.0929202139377594,-0.0205534733831882
206251875.00,0.015161638148129,0.0276308134198189,0,0,0.0615883655846119,-0.00150499679148197
206460000.00,0.01506416965276,0.0277851689606905,0,0,0.0608752891421318,-0.0100541776046157
206668125.00,0.0153692485764623,0.0278085544705391,0,0,-0.00313220266252756,0.00139873160514981
206876250.00,0.0151599831879139,0.0281988680362701,0,0,0.0131095498800278,-0.0444319322705269
207084375.00,0.0151112964376807,0.0283678006380796,0,0,0.00394673412665725,-0.0529021807014942
207292500.00,0.0150878094136715,0.0284816101193428,0,0,-0.011124175041914,-0.0555595532059669
207500625.00,0.0148538732901216,0.0287708528339863,0,0,0.00771133229136467,-0.0853963270783424
207708750.00,0.0147274155169725,0.0289053730666637,0,0,0.0118382517248392,-0.0908335968852043
207916875.00,0.0144752971827984,0.0290180090814829,0,0,0.0398765653371811,-0.0912816599011421
