Time (seconds),Controller.Vd_Ref,Controller.Vq_Ref,Controller.Id_Ref,Controller.Iq_Ref,Controller.Id,Controller.Iq
0.000000,0.912125825881958,-1.0018435716629,0.5,-0.5,-0.0115335881710052,0.0252519603818655
0.208125,0.911668360233307,-1.00200247764587,0.5,-0.5,-0.00390998646616936,0.0278997030109167
0.416250,0.911820471286774,-1.00434911251068,0.5,-0.5,-0.00644474755972624,0.0670095235109329
0.624375,0.910430610179901,-1.004310131073,0.5,-0.5,0.0167194530367851,0.0663605779409409
0.832500,0.910437345504761,-1.0016633272171,0.5,-0.5,0.0166074652224779,0.022247351706028
1.040625,0.909190595149994,-1.00236451625824,0.5,-0.5,0.0373867526650429,0.0339338444173336
1.248750,0.911786317825317,-1.00096356868744,0.5,-0.5,-0.00587593298405409,0.0105837266892195
1.456875,0.911502301692963,-1.00174009799957,0.5,-0.5,-0.00033445906592533,0.0235266052186489
1.665000,0.912600696086884,-1.00429916381836,0.5,-0.5,-0.0194487329572439,0.0661779195070267
1.873125,0.910828471183777,-1.00588202476501,0.5,-0.5,0.0100888963788748,0.092557966709137
2.081250,0.909930825233459,-1.00337553024292,0.5,-0.5,0.0250490419566631,0.0507834851741791
2.289375,0.908029496669769,-1.002197265625,0.5,-0.5,0.056738406419754,0.0311459004878998
2.497500,0.911960422992706,-1.00415909290314,0.5,-0.5,-0.00877693388611078,0.0638428777456284
2.705625,0.911411285400391,-1.00262224674225,0.5,-0.5,0.000375337898731232,0.0382282845675945
2.913750,0.912265956401825,-1.00253260135651,0.5,-0.5,-0.0143091138452291,0.0382794104516506
3.121875,0.909023642539978,-1.00235819816589,0.5,-0.5,0.0401688516139984,0.0338281504809856
3.330000,0.91052371263504,-1.00189650058746,0.5,-0.5,0.0151680614799261,0.0261323414742947
3.538125,0.911623239517212,-1.00238955020905,0.5,-0.5,-0.00315788714215159,0.0343514941632748
3.746250,0.910864293575287,-1.00249981880188,0.5,-0.5,0.00949129741638899,0.036187969148159
3.954375,0.911937355995178,-1.0024733543396,0.5,-0.5,-0.00839258916676044,0.035747155547142
4.162500,0.91073739528656,-1.00347125530243,0.5,-0.5,0.0116069158539176,0.0523799322545528
4.370625,0.909539580345154,-1.00632178783417,0.5,-0.5,0.0315702073276043,0.099887803196907
4.578750,0.911050498485565,-1.00418257713318,0.5,-0.5,0.00638841232284904,0.0642338842153549
4.786875,0.911340951919556,-1.00268054008484,0.5,-0.5,0.00154699641279876,0.0391995720565319
4.995000,0.909885942935944,-1.00157904624939,0.5,-0.5,0.0257974676787853,0.0208427906036377
5.203125,0.909586548805237,-1.00290465354919,0.5,-0.5,0.0307869464159012,0.0429351478815079
5.411250,0.911418199539185,-1.00225579738617,0.5,-0.5,0.000259635969996452,0.032122191041708
5.619375,0.90897923707962,-1.00366508960724,0.5,-0.5,0.0409091785550117,0.0556103400886059
5.827500,0.910048723220825,-1.00239408016205,0.5,-0.5,0.0230845268815756,0.0344271101057529
6.035625,0.910052478313446,-1.00343191623688,0.5,-0.5,0.0230214260518551,0.0517240539193153
6.243750,0.909959852695465,-1.00439763069153,0.5,-0.5,0.0245652869343758,0.0678196176886559
6.451875,0.910846173763275,-1.00266933441162,0.5,-0.5,0.00979336723685265,0.0390137434005737
6.660000,0.91126811504364,-1.00462675094604,0.5,-0.5,0.00276077818125486,0.0716382190585136
6.868125,0.910332441329956,-1.00273764133453,0.5,-0.5,0.0183558128774166,0.0401520431041718
7.076250,0.912416458129883,-1.00214540958405,0.5,-0.5,-0.0163775123655796,0.0302824899554253
7.284375,0.910240590572357,-1.00255656242371,0.5,-0.5,0.0198865421116352,0.0371334552764893
7.492500,0.909622311592102,-1.0024836063385,0.5,-0.5,0.0301913227885962,0.0359185859560966
7.700625,0.911501288414001,-1.00238001346588,0.5,-0.5,-0.00112553313374519,0.034191869199276
7.908750,0.912001311779022,-1.00354814529419,0.5,-0.5,-0.00945841148495674,0.0536605715751648
8.116875,0.911349713802338,-1.00282096862793,0.5,-0.5,0.00140070298220962,0.0415404625236988
8.325000,0.910191416740417,-1.0031350851059,0.5,-0.5,0.0207056477665901,0.046776544302702
8.533125,0.911200642585754,-1.00447738170624,0.5,-0.5,0.0038861483335495,0.0691473037004471
8.741250,0.910898447036743,-1.00244414806366,0.5,-0.5,0.00892223976552486,0.035259835422039
8.949375,0.911996483802795,-1.00316882133484,0.5,-0.5,-0.00937877595424652,0.0473394505679607
9.157500,0.913426280021667,-1.00062441825867,0.5,-0.5,-0.0332081727683544,0.00493190204724669
9.365625,0.910602390766144,-1.00257217884064,0.5,-0.5,0.0138564072549343,0.0373952835798264
9.573750,0.912507474422455,-1.00333595275879,0.5,-0.5,-0.0178950130939484,0.050123929977417
9.781875,0.91170734167099,-1.00276482105255,0.5,-0.5,-0.00455961003899574,0.040605004876852
9.990000,0.910210907459259,-1.00337159633636,0.5,-0.5,0.0203810781240463,0.050718292593956
10.198125,0.91165691614151,-1.00396633148193,0.5,-0.5,-0.00371904810890555,0.0606304332613945
10.406250,0.910264670848846,-1.00284886360168,0.5,-0.5,0.0194853618741035,0.0420051962137222
10.614375,0.909954726696014,-1.0023387670517,0.5,-0.5,0.0244059097021818,0.0338096916675568
10.822500,0.913329899311066,-1.00192987918854,0.5,-0.5,-0.0316018536686897,0.0266899801790714
11.030625,0.913234293460846,-1.00312519073486,0.5,-0.5,-0.03000857681036,0.0466123521327972
11.238750,0.910224616527557,-1.00227439403534,0.5,-0.5,0.0201529711484909,0.0324318371713161
11.446875,0.912370145320892,-1.00188291072845,0.5,-0.5,-0.0156056843698025,0.0259072482585907
11.655000,0.912384629249573,-1.00221395492554,0.5,-0.5,-0.0158479064702988,0.0314247198402882
11.863125,0.911242663860321,-1.00282597541809,0.5,-0.5,0.00318552553653717,0.0416236519813538
12.071250,0.910931885242462,-1.00264656543732,0.5,-0.5,0.00836455076932907,0.0388504192233086
12.279375,0.912754476070404,-1.00352048873901,0.5,-0.5,-0.0220117941498756,0.0532000027596951
12.487500,0.911425828933716,-1.00181150436401,0.5,-0.5,0.000132819637656212,0.0247169807553291
12.695625,0.910933196544647,-1.00320208072662,0.5,-0.5,0.00834268983453512,0.0478931590914726
12.903750,0.912248849868774,-1.00299215316772,0.5,-0.5,-0.0135841928422451,0.0443933755159378
13.111875,0.911259174346924,-1.00280499458313,0.5,-0.5,0.00291064009070396,0.041274718940258
13.320000,0.909804463386536,-1.00138711929321,0.5,-0.5,0.0271550770848989,0.0176440551877022
13.528125,0.911229491233826,-1.00273561477661,0.5,-0.5,0.00340537237934768,0.0401193723082542
13.736250,0.91030478477478,-1.00273239612579,0.5,-0.5,0.0188164710998535,0.0400646291673183
13.944375,0.911850094795227,-1.00360763072968,0.5,-0.5,-0.00693849241361022,0.0546521656215191
14.152500,0.91087794303894,-1.0028430223465,0.5,-0.5,0.00926450453698635,0.0419091694056988
14.360625,0.910972058773041,-1.00298142433167,0.5,-0.5,0.00769502995535731,0.0442161187529564
14.568750,0.910839200019836,-1.00202643871307,0.5,-0.5,0.0099098002538085,0.0282983239740133
14.776875,0.91069358587265,-1.00295960903168,0.5,-0.5,0.0140193477272987,0.0422067157924175
14.985000,0.912220239639282,-1.00275731086731,0.5,-0.5,-0.0114250779151917,0.0388357006013393
15.193125,0.912316143512726,-1.00200629234314,0.5,-0.5,-0.013022935949266,0.0263176336884499
15.401250,0.910417675971985,-1.00258004665375,0.5,-0.5,0.018618393689394,0.0358811393380165
15.609375,0.911105930805206,-1.00309550762177,0.5,-0.5,0.00714659132063389,0.0444709286093712
15.817500,0.815126538276672,-0.903787970542908,0.5,-0.5,1.36240649223328,-1.3432160615921
16.025625,0.797386169433594,-0.880989134311676,0.5,-0.5,1.3225644826889,-1.37204051017761
16.233750,0.77660745382309,-0.857421219348907,0.5,-0.5,1.33487367630005,-1.41027247905731
16.441875,0.756668567657471,-0.837864518165588,0.5,-0.5,1.33359432220459,-1.37790870666504
16.650000,0.73573362827301,-0.815079569816589,0.5,-0.5,1.3481981754303,-1.39962577819824
16.858125,0.71098393201828,-0.795159101486206,0.5,-0.5,1.42917358875275,-1.37243819236755
17.066250,0.683366537094116,-0.776824474334717,0.5,-0.5,1.56069839000702,-1.31943547725677
17.274375,0.658636689186096,-0.769185125827789,0.5,-0.5,1.64806687831879,-1.08608651161194
17.482500,0.662816107273102,-0.726803243160248,0.5,-0.5,1.24949979782104,-1.42796313762665
17.690625,0.643374264240265,-0.706488788127899,0.5,-0.5,1.2408618927002,-1.40586590766907
17.898750,0.627047955989838,-0.681914627552032,0.5,-0.5,1.1804563999176,-1.45782899856567
18.106875,0.606562077999115,-0.658106923103333,0.5,-0.5,1.19141113758087,-1.49117267131805
18.315000,0.588758528232574,-0.635159909725189,0.5,-0.5,1.15959358215332,-1.51051950454712
18.523125,0.571573376655579,-0.610598266124725,0.5,-0.5,1.12232029438019,-1.55716586112976
18.731250,0.554358065128326,-0.58696711063385,0.5,-0.5,1.08208894729614,-1.58497440814972
18.939375,0.527441084384918,-0.566407680511475,0.5,-0.5,1.20610105991364,-1.56597757339478
19.147500,0.512306749820709,-0.543451607227325,0.5,-0.5,1.1255134344101,-1.58608365058899
19.355625,0.493739068508148,-0.520588755607605,0.5,-0.5,1.11242508888245,-1.60065078735352
19.563750,0.465607941150665,-0.503866672515869,0.5,-0.5,1.26727962493896,-1.52143669128418
19.771875,0.42488768696785,-0.520454525947571,0.5,-0.5,1.37893795967102,-1.26022565364838
19.980000,0.426509767770767,-0.480755865573883,0.5,-0.5,1.32415950298309,-1.20779299736023
20.188125,0.412943512201309,-0.465728133916855,0.5,-0.5,1.27267289161682,-1.13700830936432
20.396250,0.401688516139984,-0.44782343506813,0.5,-0.5,1.19650602340698,-1.13554346561432
20.604375,0.393852084875107,-0.431270092725754,0.5,-0.5,1.08005344867706,-1.12542140483856
20.812500,0.380419969558716,-0.415294945240021,0.5,-0.5,1.07066416740417,-1.11996734142303
21.020625,0.368534952402115,-0.399880319833755,0.5,-0.5,1.04861009120941,-1.12096405029297
21.228750,0.362657815217972,-0.385793656110764,0.5,-0.5,0.943749904632568,-1.1127495765686
21.436875,0.351016163825989,-0.373793959617615,0.5,-0.5,0.947301387786865,-1.07867014408112
21.645000,0.338988721370697,-0.36218050122261,0.5,-0.5,0.964244484901428,-1.05297672748566
21.853125,0.330802530050278,-0.349819511175156,0.5,-0.5,0.929319322109222,-1.04818212985992
22.061250,0.316357851028442,-0.34267246723175,0.5,-0.5,1.01241028308868,-0.967811286449432
22.269375,0.306061267852783,-0.340306133031845,0.5,-0.5,1.03769111633301,-0.816486477851868
22.477500,0.297594338655472,-0.33624279499054,0.5,-0.5,1.03929424285889,-0.701216399669647
22.685625,0.30712828040123,-0.311882883310318,0.5,-0.5,0.751415550708771,-0.936610341072083
22.893750,0.302437484264374,-0.301133036613464,0.5,-0.5,0.707608163356781,-0.951973021030426
23.101875,0.296698093414307,-0.294213861227036,0.5,-0.5,0.68858802318573,-0.911836743354797
23.310000,0.294357925653458,-0.285843759775162,0.5,-0.5,0.619679868221283,-0.905423939228058
23.518125,0.288535535335541,-0.275483280420303,0.5,-0.5,0.614056944847107,-0.938629806041718
23.726250,0.284565925598145,-0.268371790647507,0.5,-0.5,0.585346221923828,-0.928076684474945
23.934375,0.280124962329865,-0.258880466222763,0.5,-0.5,0.570163786411285,-0.961063027381897
24.142500,0.275116622447968,-0.253391355276108,0.5,-0.5,0.574849605560303,-0.930554986000061
24.350625,0.270267248153687,-0.247574031352997,0.5,-0.5,0.584426403045654,-0.911558747291565
24.558750,0.262414991855621,-0.244926780462265,0.5,-0.5,0.650214791297913,-0.849709928035736
24.766875,0.244119703769684,-0.254880666732788,0.5,-0.5,0.89125382900238,-0.577995419502258
24.975000,0.242209330201149,-0.255263358354568,0.5,-0.5,0.862578392028809,-0.470210164785385
25.183125,0.251247048377991,-0.238569125533104,0.5,-0.5,0.66052770614624,-0.653537273406982
25.391250,0.24983486533165,-0.23402301967144,0.5,-0.5,0.630191385746002,-0.638875186443329
25.599375,0.247079342603683,-0.225021809339523,0.5,-0.5,0.629764676094055,-0.702998280525208
25.807500,0.246456429362297,-0.220486596226692,0.5,-0.5,0.593841910362244,-0.694923043251038
26.015625,0.242488250136375,-0.216593354940414,0.5,-0.5,0.61959570646286,-0.677558064460754
26.223750,0.244017422199249,-0.209611281752586,0.5,-0.5,0.554213404655457,-0.720294237136841
26.431875,0.241643324494362,-0.205094441771507,0.5,-0.5,0.560856342315674,-0.719752788543701
26.640000,0.239524096250534,-0.201579764485359,0.5,-0.5,0.565335690975189,-0.708832621574402
26.848125,0.238466918468475,-0.199351236224175,0.5,-0.5,0.560294806957245,-0.675845682621002
27.056250,0.235427871346474,-0.19383841753006,0.5,-0.5,0.585740804672241,-0.70347011089325
27.264375,0.226793214678764,-0.195797756314278,0.5,-0.5,0.71022629737854,-0.607613921165466
27.472500,0.22491654753685,-0.198795318603516,0.5,-0.5,0.732556939125061,-0.495544016361237
27.680625,0.236339136958122,-0.187084376811981,0.5,-0.5,0.511609077453613,-0.629993557929993
27.888750,0.236547410488129,-0.181922435760498,0.5,-0.5,0.488336324691772,-0.661655068397522
28.096875,0.238635569810867,-0.178844094276428,0.5,-0.5,0.437901616096497,-0.659649729728699
28.305000,0.238989517092705,-0.174311220645905,0.5,-0.5,0.418434172868729,-0.68491804599762
28.513125,0.24034908413887,-0.169962674379349,0.5,-0.5,0.389936894178391,-0.707967579364777
28.721250,0.240733250975609,-0.165582031011581,0.5,-0.5,0.372761428356171,-0.729676485061646
28.929375,0.237388998270035,-0.163369789719582,0.5,-0.5,0.43711793422699,-0.707966923713684
29.137500,0.237636297941208,-0.160202741622925,0.5,-0.5,0.409390062093735,-0.727321207523346
29.345625,0.232516318559647,-0.161405444145203,0.5,-0.5,0.490656137466431,-0.66406512260437
29.553750,0.22127078473568,-0.170737147331238,0.5,-0.5,0.649879515171051,-0.490882873535156
29.761875,0.21490503847599,-0.172011747956276,0.5,-0.5,0.726270496845245,-0.451259791851044
29.970000,0.21399812400341,-0.177318200469017,0.5,-0.5,0.718298971652985,-0.347355931997299
30.178125,0.218968689441681,-0.168175250291824,0.5,-0.5,0.611629664897919,-0.483725905418396
30.386250,0.220248639583588,-0.16485495865345,0.5,-0.5,0.566563785076141,-0.521616399288177
30.594375,0.219320192933083,-0.164689987897873,0.5,-0.5,0.559182643890381,-0.510816335678101
30.802500,0.218775734305382,-0.164634644985199,0.5,-0.5,0.545297622680664,-0.498735189437866
31.010625,0.219393864274025,-0.16286513209343,0.5,-0.5,0.513715505599976,-0.518790006637573
31.218750,0.217367127537727,-0.160604998469353,0.5,-0.5,0.523919522762299,-0.548204064369202
31.426875,0.217769637703896,-0.158282473683357,0.5,-0.5,0.498283892869949,-0.578472316265106
31.635000,0.213423848152161,-0.157161191105843,0.5,-0.5,0.55109977722168,-0.588362812995911
31.843125,0.212204694747925,-0.157850414514542,0.5,-0.5,0.552170515060425,-0.569811642169952
32.051250,0.210448861122131,-0.157458797097206,0.5,-0.5,0.562737703323364,-0.565838575363159
32.259375,0.207613989710808,-0.159287765622139,0.5,-0.5,0.595010221004486,-0.526550054550171
32.467500,0.203219458460808,-0.163523957133293,0.5,-0.5,0.652187168598175,-0.448119133710861
32.675625,0.203990623354912,-0.167029157280922,0.5,-0.5,0.630026042461395,-0.378143280744553
32.883750,0.213394999504089,-0.157152578234673,0.5,-0.5,0.462149143218994,-0.535035967826843
33.091875,0.213531613349915,-0.154866620898247,0.5,-0.5,0.448430955410004,-0.562666594982147
33.300000,0.213619530200958,-0.154876038432121,0.5,-0.5,0.434167951345444,-0.555312633514404
33.508125,0.211681559681892,-0.152151599526405,0.5,-0.5,0.449721872806549,-0.598897337913513
33.716250,0.213152587413788,-0.151311323046684,0.5,-0.5,0.412271052598953,-0.607293665409088
33.924375,0.212664216756821,-0.149351999163628,0.5,-0.5,0.408563017845154,-0.635180413722992
34.132500,0.211308091878891,-0.149641320109367,0.5,-0.5,0.419608056545258,-0.625738739967346
34.340625,0.200894176959991,-0.157758623361588,0.5,-0.5,0.583650410175323,-0.48486202955246
34.548750,0.199053794145584,-0.158247753977776,0.5,-0.5,0.606198132038116,-0.472003281116486
34.756875,0.198068231344223,-0.158616930246353,0.5,-0.5,0.617494344711304,-0.461806863546371
34.965000,0.195563688874245,-0.163437351584435,0.5,-0.5,0.654528498649597,-0.375912368297577
35.173125,0.193474411964417,-0.167376756668091,0.5,-0.5,0.687205791473389,-0.302136480808258
35.381250,0.203761652112007,-0.157847180962563,0.5,-0.5,0.514367401599884,-0.453129023313522
35.589375,0.204302847385406,-0.155857190489769,0.5,-0.5,0.500515580177307,-0.481571197509766
35.797500,0.204823970794678,-0.153520062565804,0.5,-0.5,0.486607611179352,-0.517351746559143
36.005625,0.204823598265648,-0.152312487363815,0.5,-0.5,0.480862379074097,-0.530464053153992
36.213750,0.20589654147625,-0.149489253759384,0.5,-0.5,0.46152937412262,-0.572274565696716
36.421875,0.204221338033676,-0.148992896080017,0.5,-0.5,0.487854272127151,-0.576830267906189
36.630000,0.204006776213646,-0.148957028985023,0.5,-0.5,0.500309646129608,-0.559823632240295
36.838125,0.202506363391876,-0.150076344609261,0.5,-0.5,0.511556208133698,-0.553649008274078
37.046250,0.20298969745636,-0.150737091898918,0.5,-0.5,0.501988291740417,-0.535000026226044
37.254375,0.204184979200363,-0.148942649364471,0.5,-0.5,0.482723653316498,-0.556888341903687
37.462500,0.198221877217293,-0.152200385928154,0.5,-0.5,0.583332180976868,-0.497149348258972
37.670625,0.197108790278435,-0.157368361949921,0.5,-0.5,0.60240626335144,-0.403456896543503
37.878750,0.205694809556007,-0.149665489792824,0.5,-0.5,0.457704365253448,-0.525088250637054
38.086875,0.207862317562103,-0.148685812950134,0.5,-0.5,0.425224006175995,-0.525313198566437
38.295000,0.207975462079048,-0.146328240633011,0.5,-0.5,0.423897266387939,-0.567396640777588
38.503125,0.21005254983902,-0.146299704909325,0.5,-0.5,0.389910936355591,-0.561678946018219
38.711250,0.211093813180923,-0.143856152892113,0.5,-0.5,0.371781766414642,-0.595521152019501
38.919375,0.210201680660248,-0.143089532852173,0.5,-0.5,0.387524366378784,-0.606764435768127
39.127500,0.200443625450134,-0.150368958711624,0.5,-0.5,0.550342798233032,-0.481618076562881
39.335625,0.201600953936577,-0.148247241973877,0.5,-0.5,0.532157719135284,-0.51536613702774
39.543750,0.199771776795387,-0.150314778089523,0.5,-0.5,0.565661668777466,-0.472589731216431
39.751875,0.199663132429123,-0.148177623748779,0.5,-0.5,0.571043968200684,-0.501307129859924
39.960000,0.196715638041496,-0.152347698807716,0.5,-0.5,0.623280882835388,-0.427564412355423
40.168125,0.195128694176674,-0.155648410320282,0.5,-0.5,0.656113803386688,-0.364946156740189
40.376250,0.204781323671341,-0.147683382034302,0.5,-0.5,0.503939688205719,-0.485335946083069
40.584375,0.206581369042397,-0.143499031662941,0.5,-0.5,0.477739632129669,-0.54365485906601
40.792500,0.206748932600021,-0.145533129572868,0.5,-0.5,0.476392388343811,-0.501617252826691
41.000625,0.209367021918297,-0.144412115216255,0.5,-0.5,0.436926335096359,-0.509881675243378
41.208750,0.209258943796158,-0.140868008136749,0.5,-0.5,0.445985436439514,-0.561235249042511
41.416875,0.20829938352108,-0.139509007334709,0.5,-0.5,0.470753967761993,-0.57826554775238
41.625000,0.210479110479355,-0.138624235987663,0.5,-0.5,0.443308681249619,-0.583759486675262
41.833125,0.208458751440048,-0.139073640108109,0.5,-0.5,0.485179603099823,-0.571200251579285
42.041250,0.210470646619797,-0.137856408953667,0.5,-0.5,0.457435429096222,-0.582237362861633
42.249375,0.208297982811928,-0.138888671994209,0.5,-0.5,0.501496255397797,-0.557133555412292
42.457500,0.207221046090126,-0.139186382293701,0.5,-0.5,0.532252788543701,-0.542142748832703
42.665625,0.207663893699646,-0.145098805427551,0.5,-0.5,0.53470242023468,-0.436547517776489
42.873750,0.205796107649803,-0.146883308887482,0.5,-0.5,0.57786500453949,-0.395788908004761
43.081875,0.215751960873604,-0.136715531349182,0.5,-0.5,0.421739518642426,-0.553339600563049
43.290000,0.2164426445961,-0.136198595166206,0.5,-0.5,0.415154457092285,-0.553959786891937
43.498125,0.220291882753372,-0.132107868790627,0.5,-0.5,0.359799683094025,-0.607089281082153
43.706250,0.222447872161865,-0.131016686558723,0.5,-0.5,0.333111643791199,-0.612618207931519
43.914375,0.211546465754509,-0.136622682213783,0.5,-0.5,0.522902369499207,-0.504932284355164
44.122500,0.215878129005432,-0.135614514350891,0.5,-0.5,0.461373955011368,-0.511795938014984
44.330625,0.214581102132797,-0.133884906768799,0.5,-0.5,0.504610419273376,-0.531830489635468
44.538750,0.212797880172729,-0.133599460124969,0.5,-0.5,0.531570911407471,-0.525375783443451
44.746875,0.213140994310379,-0.134140327572823,0.5,-0.5,0.536143124103546,-0.504550218582153
44.955000,0.21048341691494,-0.133020475506783,0.5,-0.5,0.591925978660584,-0.511058330535889
45.163125,0.208136051893234,-0.138878181576729,0.5,-0.5,0.643653035163879,-0.397866249084473
45.371250,0.210160598158836,-0.140271261334419,0.5,-0.5,0.618572115898132,-0.359029650688171
45.579375,0.219202652573586,-0.130121245980263,0.5,-0.5,0.483085572719574,-0.515037894248962
45.787500,0.221444070339203,-0.128653883934021,0.5,-0.5,0.47082507610321,-0.514430701732636
45.995625,0.223730683326721,-0.126324191689491,0.5,-0.5,0.430814564228058,-0.549021601676941
46.203750,0.224946200847626,-0.125442445278168,0.5,-0.5,0.422295600175858,-0.549984455108643
46.411875,0.22707225382328,-0.122811615467072,0.5,-0.5,0.397981524467468,-0.581632018089294
46.620000,0.226984262466431,-0.121040806174278,0.5,-0.5,0.409871131181717,-0.598667800426483
46.828125,0.227000564336777,-0.119953490793705,0.5,-0.5,0.42275607585907,-0.600453555583954
47.036250,0.227454945445061,-0.117783382534981,0.5,-0.5,0.428134769201279,-0.623979449272156
47.244375,0.228967517614365,-0.119721435010433,0.5,-0.5,0.416119009256363,-0.577713072299957
47.452500,0.225669026374817,-0.120124563574791,0.5,-0.5,0.485509097576141,-0.555379271507263
47.660625,0.221455588936806,-0.122159190475941,0.5,-0.5,0.569725632667542,-0.509409546852112
47.868750,0.222220554947853,-0.124426499009132,0.5,-0.5,0.573431849479675,-0.451166033744812
48.076875,0.234924420714378,-0.115171000361443,0.5,-0.5,0.374015152454376,-0.585923731327057
48.285000,0.236645579338074,-0.113577656447887,0.5,-0.5,0.360350489616394,-0.594120979309082
48.493125,0.238897711038589,-0.110763020813465,0.5,-0.5,0.333885014057159,-0.622683763504028
48.701250,0.230557441711426,-0.115850768983364,0.5,-0.5,0.487601161003113,-0.524285614490509
48.909375,0.233273953199387,-0.1141452267766,0.5,-0.5,0.45229110121727,-0.532423198223114
49.117500,0.231682389974594,-0.111191019415855,0.5,-0.5,0.489962518215179,-0.56177544593811
49.325625,0.232612356543541,-0.109521202743053,0.5,-0.5,0.488953173160553,-0.571104109287262
49.533750,0.23134833574295,-0.10880671441555,0.5,-0.5,0.520908236503601,-0.564629256725311
49.741875,0.233360856771469,-0.107960566878319,0.5,-0.5,0.499847263097763,-0.555364847183228
49.950000,0.230989187955856,-0.107673540711403,0.5,-0.5,0.554064869880676,-0.53957462310791
50.158125,0.229577004909515,-0.108296051621437,0.5,-0.5,0.593190968036652,-0.50574117898941
50.366250,0.227268740534782,-0.112376824021339,0.5,-0.5,0.650778949260712,-0.412187039852142
50.574375,0.238752469420433,-0.102594882249832,0.5,-0.5,0.469931125640869,-0.549357831478119
50.782500,0.24130117893219,-0.101478114724159,0.5,-0.5,0.438220649957657,-0.544256150722504
50.990625,0.242855280637741,-0.0988962724804878,0.5,-0.5,0.430808454751968,-0.563692450523376
51.198750,0.239952728152275,-0.102666489779949,0.5,-0.5,0.473068207502365,-0.497346043586731
51.406875,0.239363163709641,-0.100808449089527,0.5,-0.5,0.469563722610474,-0.534282743930817
51.615000,0.238658934831619,-0.0989154204726219,0.5,-0.5,0.469392776489258,-0.56962776184082
51.823125,0.237796574831009,-0.0989705771207809,0.5,-0.5,0.470175057649612,-0.572891235351563
52.031250,0.237084433436394,-0.0993627235293388,0.5,-0.5,0.473079949617386,-0.571073949337006
52.239375,0.234894931316376,-0.10158172249794,0.5,-0.5,0.501297175884247,-0.538293540477753
52.447500,0.23367765545845,-0.100020110607147,0.5,-0.5,0.512785315513611,-0.563932955265045
52.655625,0.229841485619545,-0.100410141050816,0.5,-0.5,0.568087339401245,-0.560681819915771
52.863750,0.226397469639778,-0.107694759964943,0.5,-0.5,0.619328558444977,-0.441143274307251
53.071875,0.226457238197327,-0.110972426831722,0.5,-0.5,0.612837791442871,-0.384373277425766
53.280000,0.238385245203972,-0.101509809494019,0.5,-0.5,0.40660896897316,-0.542432129383087
53.488125,0.229956120252609,-0.106692098081112,0.5,-0.5,0.41645759344101,-0.570618569850922
53.696250,0.230004325509071,-0.108067199587822,0.5,-0.5,0.532794952392578,-0.436527401208878
53.904375,0.230018362402916,-0.106493055820465,0.5,-0.5,0.528074622154236,-0.466641873121262
54.112500,0.231416836380959,-0.104548387229443,0.5,-0.5,0.50084775686264,-0.49630868434906
54.320625,0.230011016130447,-0.104365065693855,0.5,-0.5,0.515287339687347,-0.503517627716064
54.528750,0.227878570556641,-0.10474144667387,0.5,-0.5,0.546563982963562,-0.49910232424736
54.736875,0.227825313806534,-0.105695776641369,0.5,-0.5,0.5435751080513,-0.486671626567841
54.945000,0.227118298411369,-0.105381764471531,0.5,-0.5,0.553456902503967,-0.479202032089233
55.153125,0.225176751613617,-0.107671432197094,0.5,-0.5,0.582625329494476,-0.45537143945694
55.361250,0.21984127163887,-0.111311517655849,0.5,-0.5,0.669994831085205,-0.395675480365753
55.569375,0.220921188592911,-0.115271404385567,0.5,-0.5,0.650151133537292,-0.32783031463623
55.777500,0.229516848921776,-0.105079755187035,0.5,-0.5,0.504705786705017,-0.49670672416687
55.985625,0.231217056512833,-0.103064097464085,0.5,-0.5,0.472710341215134,-0.526924610137939
56.193750,0.231100350618362,-0.102844461798668,0.5,-0.5,0.47484827041626,-0.530988156795502
56.401875,0.235834449529648,-0.102388523519039,0.5,-0.5,0.392756372690201,-0.537808120250702
56.610000,0.2337257117033,-0.101238742470741,0.5,-0.5,0.424189746379852,-0.55830317735672
56.818125,0.23401939868927,-0.0997074320912361,0.5,-0.5,0.41533237695694,-0.582018971443176
57.026250,0.231872916221619,-0.0990289449691772,0.5,-0.5,0.453206777572632,-0.591498851776123
57.234375,0.231095254421234,-0.10103403031826,0.5,-0.5,0.463032007217407,-0.55802971124649
57.442500,0.231498345732689,-0.0993360057473183,0.5,-0.5,0.457322984933853,-0.581695318222046
57.650625,0.230364724993706,-0.100760444998741,0.5,-0.5,0.477146834135056,-0.556992709636688
57.858750,0.225967153906822,-0.101326361298561,0.5,-0.5,0.551496803760529,-0.547167360782623
58.066875,0.222616016864777,-0.109113641083241,0.5,-0.5,0.607433617115021,-0.414603173732758
58.275000,0.234823852777481,-0.101799055933952,0.5,-0.5,0.406373560428619,-0.532843291759491
58.483125,0.229360148310661,-0.106328159570694,0.5,-0.5,0.49802839756012,-0.449964225292206
58.691250,0.227950513362885,-0.105451703071594,0.5,-0.5,0.520207345485687,-0.46396678686142
58.899375,0.230274125933647,-0.10437972843647,0.5,-0.5,0.48253858089447,-0.477884769439697
59.107500,0.231163576245308,-0.103549443185329,0.5,-0.5,0.468024522066116,-0.491878360509872
59.315625,0.230926483869553,-0.0998007208108902,0.5,-0.5,0.473782122135162,-0.546452879905701
59.523750,0.22966443002224,-0.100456722080708,0.5,-0.5,0.495486617088318,-0.531758308410645
59.731875,0.226727232336998,-0.099222369492054,0.5,-0.5,0.547556281089783,-0.548064708709717
59.940000,0.227821126580238,-0.100760750472546,0.5,-0.5,0.531837403774261,-0.521430134773254
60.148125,0.227932676672935,-0.100924260914326,0.5,-0.5,0.53508335351944,-0.514929473400116
60.356250,0.225985571742058,-0.103706613183022,0.5,-0.5,0.572774887084961,-0.463414430618286
60.564375,0.223183631896973,-0.110434837639332,0.5,-0.5,0.623932361602783,-0.34746578335762
60.772500,0.23329471051693,-0.100645132362843,0.5,-0.5,0.460604608058929,-0.505582213401794
60.980625,0.234118714928627,-0.0984330326318741,0.5,-0.5,0.450548589229584,-0.536766886711121
61.188750,0.236987411975861,-0.0947382226586342,0.5,-0.5,0.405956149101257,-0.591387391090393
61.396875,0.235380113124847,-0.0975375771522522,0.5,-0.5,0.435028225183487,-0.540361344814301
61.605000,0.2351995408535,-0.0965041965246201,0.5,-0.5,0.440785050392151,-0.552637994289398
61.813125,0.23727460205555,-0.0934858024120331,0.5,-0.5,0.41079318523407,-0.596151828765869
62.021250,0.236840009689331,-0.0931481048464775,0.5,-0.5,0.419320195913315,-0.595154643058777
62.229375,0.23690402507782,-0.093264564871788,0.5,-0.5,0.421175569295883,-0.590452194213867
62.437500,0.237648203969002,-0.0924196541309357,0.5,-0.5,0.414802134037018,-0.602830648422241
62.645625,0.23543344438076,-0.0933426916599274,0.5,-0.5,0.474246472120285,-0.565659761428833
62.853750,0.232122182846069,-0.0947351455688477,0.5,-0.5,0.525270342826843,-0.546748518943787
63.061875,0.229199424386024,-0.0985996946692467,0.5,-0.5,0.581270158290863,-0.475251317024231
63.270000,0.230650842189789,-0.100074030458927,0.5,-0.5,0.566509127616882,-0.441525280475616
63.478125,0.23544517159462,-0.0987279191613197,0.5,-0.5,0.495462596416473,-0.45543509721756
63.686250,0.236017644405365,-0.0959710404276848,0.5,-0.5,0.492591142654419,-0.493220180273056
63.894375,0.23688830435276,-0.0956328138709068,0.5,-0.5,0.482415080070496,-0.490711897611618
64.102500,0.238540574908257,-0.0939850583672524,0.5,-0.5,0.460168480873108,-0.506051003932953
64.310625,0.237080618739128,-0.0912566483020782,0.5,-0.5,0.486376345157623,-0.543157875537872
64.518750,0.238972783088684,-0.0906999558210373,0.5,-0.5,0.463364839553833,-0.541765809059143
64.726875,0.237622424960136,-0.087377205491066,0.5,-0.5,0.489472061395645,-0.589081346988678
64.935000,0.237813964486122,-0.0885987803339958,0.5,-0.5,0.496353834867477,-0.559331655502319
65.143125,0.237546965479851,-0.0878033563494682,0.5,-0.5,0.512855052947998,-0.559085071086884
65.351250,0.234385564923286,-0.0907837525010109,0.5,-0.5,0.574017286300659,-0.499674886465073
65.559375,0.230508998036385,-0.0945693030953407,0.5,-0.5,0.646871626377106,-0.422144263982773
65.767500,0.232539609074593,-0.0972857177257538,0.5,-0.5,0.620137631893158,-0.361392438411713
65.975625,0.242889195680618,-0.0869960188865662,0.5,-0.5,0.457909375429153,-0.520149052143097
66.183750,0.24486468732357,-0.0847403332591057,0.5,-0.5,0.433830827474594,-0.54461532831192
66.391875,0.246687024831772,-0.0831297263503075,0.5,-0.5,0.410740375518799,-0.558952987194061
66.600000,0.248041331768036,-0.0795294493436813,0.5,-0.5,0.395840555429459,-0.603250324726105
66.808125,0.250136613845825,-0.0792788565158844,0.5,-0.5,0.368254005908966,-0.591538429260254
67.016250,0.250802040100098,-0.0766315907239914,0.5,-0.5,0.369453012943268,-0.620377063751221
67.224375,0.24989578127861,-0.0758885964751244,0.5,-0.5,0.393694877624512,-0.620821237564087
67.432500,0.250265091657639,-0.0732327625155449,0.5,-0.5,0.398003339767456,-0.64977240562439
67.640625,0.251200765371323,-0.0774584114551544,0.5,-0.5,0.395784676074982,-0.562512874603271
67.848750,0.247892618179321,-0.0744814574718475,0.5,-0.5,0.461380481719971,-0.598792672157288
68.056875,0.23859341442585,-0.0844422653317451,0.5,-0.5,0.627158105373383,-0.414290398359299
68.265000,0.23889285326004,-0.0901806205511093,0.5,-0.5,0.63477623462677,-0.302805781364441
68.473125,0.247335389256477,-0.0781114101409912,0.5,-0.5,0.50643914937973,-0.48501917719841
68.681250,0.247493237257004,-0.0761833488941193,0.5,-0.5,0.514483511447906,-0.498855710029602
68.889375,0.250692456960678,-0.0728547945618629,0.5,-0.5,0.4686618745327,-0.535760641098022
69.097500,0.251114308834076,-0.0716949850320816,0.5,-0.5,0.472854554653168,-0.533557951450348
69.305625,0.251804113388062,-0.069217674434185,0.5,-0.5,0.467042922973633,-0.556157469749451
69.513750,0.256595015525818,-0.0680144503712654,0.5,-0.5,0.394796520471573,-0.555044054985046
69.721875,0.253056019544601,-0.0648630559444427,0.5,-0.5,0.464856564998627,-0.58885931968689
69.930000,0.251837283372879,-0.0621073842048645,0.5,-0.5,0.49434769153595,-0.614425778388977
70.138125,0.253136485815048,-0.0621179081499577,0.5,-0.5,0.483719885349274,-0.593220710754395
70.346250,0.253000140190125,-0.0623863376677036,0.5,-0.5,0.508194744586945,-0.564718544483185
70.554375,0.248260363936424,-0.0646717846393585,0.5,-0.5,0.58742094039917,-0.503636479377747
70.762500,0.247229233384132,-0.0676806643605232,0.5,-0.5,0.615472853183746,-0.429845690727234
70.970625,0.257434874773026,-0.059966966509819,0.5,-0.5,0.456969708204269,-0.535845696926117
71.178750,0.261783957481384,-0.0569192282855511,0.5,-0.5,0.395982623100281,-0.564256846904755
71.386875,0.262870967388153,-0.0542842075228691,0.5,-0.5,0.390422999858856,-0.583779573440552
71.595000,0.264348387718201,-0.0513725988566875,0.5,-0.5,0.378347247838974,-0.606065928936005
71.803125,0.265668839216232,-0.0474881790578365,0.5,-0.5,0.385586351156235,-0.636186718940735
72.011250,0.267162919044495,-0.0466569624841213,0.5,-0.5,0.353108644485474,-0.633031725883484
72.219375,0.265620470046997,-0.0434464998543262,0.5,-0.5,0.393381327390671,-0.659044146537781
72.427500,0.267274558544159,-0.0416799187660217,0.5,-0.5,0.371986657381058,-0.660380959510803
72.635625,0.267792999744415,-0.0404083020985127,0.5,-0.5,0.376341938972473,-0.655641436576843
72.843750,0.25523179769516,-0.0515539273619652,0.5,-0.5,0.582277476787567,-0.452406674623489
73.051875,0.24925822019577,-0.052758265286684,0.5,-0.5,0.669649839401245,-0.429939866065979
73.260000,0.247493967413902,-0.0591538548469543,0.5,-0.5,0.684888362884521,-0.322992742061615
73.468125,0.253776431083679,-0.0523091815412045,0.5,-0.5,0.571881651878357,-0.432189762592316
73.676250,0.25516077876091,-0.0530440509319305,0.5,-0.5,0.5381019115448,-0.419580608606339
73.884375,0.254831522703171,-0.0489591956138611,0.5,-0.5,0.527622938156128,-0.488801002502441
74.092500,0.254941910505295,-0.049435980618,0.5,-0.5,0.516982853412628,-0.484287679195404
74.300625,0.255016356706619,-0.0484600029885769,0.5,-0.5,0.503642320632935,-0.502618312835693
74.508750,0.255532890558243,-0.0484809800982475,0.5,-0.5,0.485951602458954,-0.508305549621582
74.716875,0.25572007894516,-0.0461453050374985,0.5,-0.5,0.471609503030777,-0.550499022006989
74.925000,0.253035336732864,-0.0481714494526386,0.5,-0.5,0.51347017288208,-0.520422577857971
75.133125,0.253268241882324,-0.0491311065852642,0.5,-0.5,0.501156866550446,-0.508838355541229
75.341250,0.252187013626099,-0.048677634447813,0.5,-0.5,0.512592911720276,-0.517778158187866
75.549375,0.248601377010345,-0.0505551211535931,0.5,-0.5,0.565357089042664,-0.489272058010101
75.757500,0.244612097740173,-0.0522973537445068,0.5,-0.5,0.62571656703949,-0.460691273212433
75.965625,0.245068117976189,-0.0590600669384003,0.5,-0.5,0.614220678806305,-0.346594661474228
76.173750,0.255237996578217,-0.0496008917689323,0.5,-0.5,0.437951624393463,-0.505099177360535
76.381875,0.25230461359024,-0.048861239105463,0.5,-0.5,0.479567855596542,-0.519530951976776
76.590000,0.253413558006287,-0.0492833070456982,0.5,-0.5,0.454111069440842,-0.510022342205048
76.798125,0.252945750951767,-0.0452075973153114,0.5,-0.5,0.456376761198044,-0.579342603683472
77.006250,0.257019311189651,-0.0456220917403698,0.5,-0.5,0.382296413183212,-0.571557939052582
77.214375,0.254678577184677,-0.0424317196011543,0.5,-0.5,0.415396630764008,-0.623795032501221
77.422500,0.252420485019684,-0.0426080226898193,0.5,-0.5,0.448452770709991,-0.620068967342377
77.630625,0.24592225253582,-0.0512976720929146,0.5,-0.5,0.551836311817169,-0.474228203296661
77.838750,0.245844930410385,-0.0528042763471603,0.5,-0.5,0.551226139068604,-0.448719918727875
78.046875,0.241166517138481,-0.0546303763985634,0.5,-0.5,0.627728343009949,-0.419829547405243
78.255000,0.240292698144913,-0.0581230111420155,0.5,-0.5,0.642072379589081,-0.36052742600441
78.463125,0.239662036299706,-0.0636047422885895,0.5,-0.5,0.650579452514648,-0.267315328121185
78.671250,0.247324556112289,-0.0528427697718143,0.5,-0.5,0.521370589733124,-0.448000490665436
78.879375,0.247667357325554,-0.0520078577101231,0.5,-0.5,0.509931027889252,-0.461923599243164
79.087500,0.249194145202637,-0.0503026396036148,0.5,-0.5,0.483498990535736,-0.486927092075348
79.295625,0.248542636632919,-0.0499568432569504,0.5,-0.5,0.489384442567825,-0.487657010555267
79.503750,0.250397264957428,-0.0485505871474743,0.5,-0.5,0.470098227262497,-0.500016510486603
79.711875,0.250476539134979,-0.0470986552536488,0.5,-0.5,0.450617879629135,-0.539756655693054
79.920000,0.248432502150536,-0.0456521436572075,0.5,-0.5,0.488065898418427,-0.561883926391602
80.128125,0.248323738574982,-0.0451380461454391,0.5,-0.5,0.488888740539551,-0.571905136108398
80.336250,0.247920125722885,-0.046925637871027,0.5,-0.5,0.495602279901505,-0.53816032409668
80.544375,0.24693962931633,-0.0460232198238373,0.5,-0.5,0.512523174285889,-0.549370288848877
80.752500,0.244575142860413,-0.0501132383942604,0.5,-0.5,0.553378403186798,-0.477727323770523
80.960625,0.24037803709507,-0.0554001368582249,0.5,-0.5,0.631493747234344,-0.375633835792542
81.168750,0.253004342317581,-0.0478974059224129,0.5,-0.5,0.426762998104095,-0.507537305355072
81.376875,0.253923863172531,-0.0456719733774662,0.5,-0.5,0.4110227227211,-0.537454307079315
81.585000,0.255213886499405,-0.0445761568844318,0.5,-0.5,0.391711056232452,-0.553297460079193
81.793125,0.255077123641968,-0.0423764027655125,0.5,-0.5,0.395285338163376,-0.588598191738129
82.001250,0.256202191114426,-0.0429672598838806,0.5,-0.5,0.3778957426548,-0.573712587356567
82.209375,0.25720950961113,-0.0405589193105698,0.5,-0.5,0.362719088792801,-0.609771609306335
82.417500,0.246871322393417,-0.0465540401637554,0.5,-0.5,0.536036550998688,-0.50404280424118
82.625625,0.247317135334015,-0.047815665602684,0.5,-0.5,0.534527719020844,-0.477021008729935
82.833750,0.244369000196457,-0.0494237393140793,0.5,-0.5,0.583609104156494,-0.444064795970917
83.041875,0.246693149209023,-0.0477693043649197,0.5,-0.5,0.550135254859924,-0.466844499111176
83.250000,0.242610082030296,-0.0485619716346264,0.5,-0.5,0.624469757080078,-0.450058311223984
83.458125,0.242815732955933,-0.0526288934051991,0.5,-0.5,0.626656889915466,-0.372505664825439
83.666250,0.2510906457901,-0.0472642369568348,0.5,-0.5,0.496850609779358,-0.452138155698776
83.874375,0.252261638641357,-0.0448476485908031,0.5,-0.5,0.483302444219589,-0.486024618148804
84.082500,0.2525435090065,-0.0447607226669788,0.5,-0.5,0.482393383979797,-0.481069803237915
84.290625,0.253889143466949,-0.0423597693443298,0.5,-0.5,0.465332835912704,-0.513554811477661
84.498750,0.257050693035126,-0.0388167575001717,0.5,-0.5,0.419741839170456,-0.56496798992157
84.706875,0.257118284702301,-0.036914199590683,0.5,-0.5,0.423450917005539,-0.587327599525452
84.915000,0.256424188613892,-0.0350679680705071,0.5,-0.5,0.440968722105026,-0.606064081192017
85.123125,0.254810601472855,-0.0349046960473061,0.5,-0.5,0.476695597171783,-0.59823352098465
85.331250,0.255270212888718,-0.0339857935905457,0.5,-0.5,0.47449716925621,-0.605747103691101
85.539375,0.25519934296608,-0.0357665233314037,0.5,-0.5,0.483010858297348,-0.563023507595062
85.747500,0.252255976200104,-0.037457175552845,0.5,-0.5,0.5378338098526,-0.523226022720337
85.955625,0.250999271869659,-0.0380666851997375,0.5,-0.5,0.565287172794342,-0.498981088399887
86.163750,0.251095443964005,-0.0424605496227741,0.5,-0.5,0.573473930358887,-0.410823822021484
86.371875,0.261919021606445,-0.0328588560223579,0.5,-0.5,0.398419171571732,-0.562925577163696
86.580000,0.263035714626312,-0.0299022570252419,0.5,-0.5,0.385020643472672,-0.599161624908447
86.788125,0.263461858034134,-0.0295651257038116,0.5,-0.5,0.384249150753021,-0.592437744140625
86.996250,0.265718728303909,-0.0295264683663845,0.5,-0.5,0.352186977863312,-0.580735683441162
87.204375,0.257519781589508,-0.0239753369241953,0.5,-0.5,0.349415212869644,-0.657879829406738
87.412500,0.257055908441544,-0.0312696062028408,0.5,-0.5,0.505889594554901,-0.520757496356964
87.620625,0.255397349596024,-0.0302317589521408,0.5,-0.5,0.543997645378113,-0.524969696998596
87.828750,0.258161157369614,-0.0294214189052582,0.5,-0.5,0.503251016139984,-0.5232794880867
88.036875,0.256055235862732,-0.0297776404768229,0.5,-0.5,0.545673131942749,-0.503796339035034
88.245000,0.25446543097496,-0.029558427631855,0.5,-0.5,0.579418957233429,-0.490869551897049
88.453125,0.251335084438324,-0.0320913977921009,0.5,-0.5,0.638668715953827,-0.43381866812706
88.661250,0.252226948738098,-0.0357565395534039,0.5,-0.5,0.645487487316132,-0.33776068687439
88.869375,0.260598003864288,-0.0263468716293573,0.5,-0.5,0.504720091819763,-0.487918198108673
89.077500,0.264124691486359,-0.0218636803328991,0.5,-0.5,0.449668169021606,-0.546985328197479
89.285625,0.264552414417267,-0.0220377668738365,0.5,-0.5,0.448718041181564,-0.527907848358154
89.493750,0.264702320098877,-0.0181439872831106,0.5,-0.5,0.451890647411346,-0.574189245700836
89.701875,0.265700608491898,-0.0152302924543619,0.5,-0.5,0.43988373875618,-0.604118585586548
89.910000,0.266762286424637,-0.0131625942885876,0.5,-0.5,0.427819967269897,-0.617810606956482
90.118125,0.267956256866455,-0.0119732525199652,0.5,-0.5,0.414234399795532,-0.61627060174942
90.326250,0.26623523235321,-0.0105075538158417,0.5,-0.5,0.450273454189301,-0.619458675384521
90.534375,0.26574319601059,-0.0125247584655881,0.5,-0.5,0.465653836727142,-0.563259601593018
90.742500,0.26492041349411,-0.00957467686384916,0.5,-0.5,0.486268401145935,-0.589223325252533
90.950625,0.264831840991974,-0.0125183118507266,0.5,-0.5,0.498437643051147,-0.519089460372925
91.158750,0.26108655333519,-0.0139701077714562,0.5,-0.5,0.569880068302155,-0.470386922359467
91.366875,0.27092045545578,-0.00337635586038232,0.5,-0.5,0.412149339914322,-0.620189189910889
91.575000,0.273926109075546,-0.0019533890299499,0.5,-0.5,0.369293421506882,-0.622298419475555
91.783125,0.274712324142456,-0.000488388352096081,0.5,-0.5,0.361374139785767,-0.618555903434753
91.991250,0.274514734745026,0.00131063908338547,0.5,-0.5,0.370529353618622,-0.623428285121918
92.199375,0.270229637622833,-0.00137559301219881,0.5,-0.5,0.447248041629791,-0.550528585910797
92.407500,0.266941726207733,0.00239281565882266,0.5,-0.5,0.50748598575592,-0.58990615606308
92.615625,0.267405986785889,0.00367916631512344,0.5,-0.5,0.505275964736938,-0.584251642227173
92.823750,0.267626464366913,0.00625576637685299,0.5,-0.5,0.508395075798035,-0.59965306520462
93.031875,0.266596913337708,0.00577545072883368,0.5,-0.5,0.531848311424255,-0.563560366630554
93.240000,0.266126215457916,0.0046101501211524,0.5,-0.5,0.546346247196198,-0.515448749065399
93.448125,0.263236552476883,0.00479002669453621,0.5,-0.5,0.601493835449219,-0.49195471405983
93.656250,0.262231707572937,0.0015763295814395,0.5,-0.5,0.627617359161377,-0.405673623085022
93.864375,0.270183682441711,0.0118895582854748,0.5,-0.5,0.498456925153732,-0.549735128879547
94.072500,0.273024469614029,0.0141367390751839,0.5,-0.5,0.455353915691376,-0.556388139724731
94.280625,0.273935407400131,0.0183582101017237,0.5,-0.5,0.448139846324921,-0.594556450843811
94.488750,0.270771682262421,0.0173277221620083,0.5,-0.5,0.499889552593231,-0.550630688667297
94.696875,0.27239117026329,0.0162210967391729,0.5,-0.5,0.458499014377594,-0.526794672012329
94.905000,0.27081498503685,0.0170771274715662,0.5,-0.5,0.466670989990234,-0.538861095905304
95.113125,0.267049759626389,0.0196690801531076,0.5,-0.5,0.512432515621185,-0.582135796546936
95.321250,0.265744835138321,0.0182074476033449,0.5,-0.5,0.518450021743774,-0.558003783226013
95.529375,0.26713553071022,0.0157590415328741,0.5,-0.5,0.481093108654022,-0.516482472419739
95.737500,0.264248937368393,0.017888929694891,0.5,-0.5,0.51792585849762,-0.54958164691925
95.945625,0.260350733995438,0.0168073922395706,0.5,-0.5,0.571236312389374,-0.526217937469482
96.153750,0.257787883281708,0.0124557791277766,0.5,-0.5,0.600797593593597,-0.451447993516922
96.361875,0.257354497909546,0.00978747941553593,0.5,-0.5,0.612462282180786,-0.387918531894684
96.570000,0.265310943126678,0.0171183701604605,0.5,-0.5,0.456832885742188,-0.524656653404236
96.778125,0.268643856048584,0.0204114355146885,0.5,-0.5,0.388684570789337,-0.577345848083496
96.986250,0.259469032287598,0.0129338735714555,0.5,-0.5,0.532018303871155,-0.45207005739212
97.194375,0.259202420711517,0.0138388238847256,0.5,-0.5,0.524039030075073,-0.466125905513763
97.402500,0.260372698307037,0.013977182097733,0.5,-0.5,0.49479067325592,-0.467104494571686
97.610625,0.2574163377285,0.0165510624647141,0.5,-0.5,0.537144124507904,-0.508644223213196
97.818750,0.255626529455185,0.0169834215193987,0.5,-0.5,0.558309435844421,-0.501853942871094
98.026875,0.253482341766357,0.0151539500802755,0.5,-0.5,0.582584500312805,-0.489081025123596
98.235000,0.255765110254288,0.0164195951074362,0.5,-0.5,0.538199365139008,-0.507487952709198
98.443125,0.251961410045624,0.0148142985999584,0.5,-0.5,0.596365630626678,-0.481033742427826
98.651250,0.248768672347069,0.009898716583848,0.5,-0.5,0.647878348827362,-0.396269232034683
98.859375,0.250110656023026,0.00552316848188639,0.5,-0.5,0.624174892902374,-0.317335456609726
99.067500,0.256069630384445,0.0137627637013793,0.5,-0.5,0.518246710300446,-0.453072309494019
99.275625,0.258222788572311,0.0176618862897158,0.5,-0.5,0.476305067539215,-0.512958884239197
99.483750,0.259356826543808,0.0198553316295147,0.5,-0.5,0.449707478284836,-0.54598331451416
99.691875,0.257710993289948,0.0189852342009544,0.5,-0.5,0.469907164573669,-0.528241038322449
99.900000,0.259885460138321,0.0205693505704403,0.5,-0.5,0.430456429719925,-0.555391669273376
100.108125,0.259321302175522,0.0211342945694923,0.5,-0.5,0.435800075531006,-0.56736171245575
100.316250,0.257635354995728,0.0228901877999306,0.5,-0.5,0.464484423398972,-0.590452551841736
100.524375,0.254789441823959,0.020163407549262,0.5,-0.5,0.508721709251404,-0.543307363986969
100.732500,0.256400018930435,0.021040128543973,0.5,-0.5,0.480471074581146,-0.559337735176086
100.940625,0.255297809839249,0.0217655431479216,0.5,-0.5,0.49565002322197,-0.568922340869904
101.148750,0.249549686908722,0.0163467992097139,0.5,-0.5,0.591165840625763,-0.475126445293427
101.356875,0.251088917255402,0.0157838370651007,0.5,-0.5,0.566117763519287,-0.462928056716919
101.565000,0.259251534938812,0.0203710123896599,0.5,-0.5,0.430615991353989,-0.535157024860382
101.773125,0.253196358680725,0.0151572916656733,0.5,-0.5,0.527757525444031,-0.442953079938889
101.981250,0.252683311700821,0.0174550600349903,0.5,-0.5,0.534083008766174,-0.474807262420654
102.189375,0.253828406333923,0.0176042951643467,0.5,-0.5,0.511189579963684,-0.477043330669403
102.397500,0.254944771528244,0.0196599327027798,0.5,-0.5,0.492174208164215,-0.505442202091217
102.605625,0.255831301212311,0.02145741507411,0.5,-0.5,0.47220903635025,-0.531076073646545
102.813750,0.254047274589539,0.0218721348792315,0.5,-0.5,0.504201889038086,-0.540270328521729
103.021875,0.253052234649658,0.0199402254074812,0.5,-0.5,0.523587942123413,-0.50410532951355
103.230000,0.254585295915604,0.0206058695912361,0.5,-0.5,0.497324287891388,-0.511254012584686
103.438125,0.251384854316711,0.0206284020096064,0.5,-0.5,0.552420437335968,-0.510708928108215
103.646250,0.247910350561142,0.0174061991274357,0.5,-0.5,0.612206816673279,-0.447106510400772
103.854375,0.246119320392609,0.0120985619723797,0.5,-0.5,0.645332098007202,-0.352851986885071
104.062500,0.255535215139389,0.0223798826336861,0.5,-0.5,0.489752620458603,-0.515238761901855
104.270625,0.25643914937973,0.0233714915812016,0.5,-0.5,0.476136893033981,-0.522627413272858
104.478750,0.258779764175415,0.0248318463563919,0.5,-0.5,0.440489202737808,-0.536269009113312
104.686875,0.258829087018967,0.0290502440184355,0.5,-0.5,0.440135657787323,-0.599409461021423
104.895000,0.262185156345367,0.029316607862711,0.5,-0.5,0.387298762798309,-0.591535568237305
105.103125,0.26250758767128,0.0309971030801535,0.5,-0.5,0.387458920478821,-0.610458672046661
105.311250,0.26043164730072,0.031142819672823,0.5,-0.5,0.424330443143845,-0.606289386749268
105.519375,0.263028144836426,0.0327118374407291,0.5,-0.5,0.399010211229324,-0.614339232444763
105.727500,0.258390009403229,0.031672690063715,0.5,-0.5,0.464379578828812,-0.597021222114563
105.935625,0.258375138044357,0.0320516638457775,0.5,-0.5,0.468315094709396,-0.591531038284302
106.143750,0.255026668310165,0.0307981334626675,0.5,-0.5,0.528608620166779,-0.563225209712982
106.351875,0.253849267959595,0.0267099849879742,0.5,-0.5,0.553301095962524,-0.480694085359573
106.560000,0.254099249839783,0.0260309595614672,0.5,-0.5,0.55652928352356,-0.456455558538437
106.768125,0.256637364625931,0.0269627775996923,0.5,-0.5,0.515527784824371,-0.458185136318207
106.976250,0.257298350334167,0.0297829527407885,0.5,-0.5,0.508487939834595,-0.493567407131195
107.184375,0.257014900445938,0.0326096229255199,0.5,-0.5,0.515712916851044,-0.527223706245422
107.392500,0.258291244506836,0.0322202742099762,0.5,-0.5,0.50152063369751,-0.50784569978714
107.600625,0.261208146810532,0.0360076613724232,0.5,-0.5,0.455405235290527,-0.558127403259277
107.808750,0.25844943523407,0.0364118479192257,0.5,-0.5,0.503184199333191,-0.551988780498505
108.016875,0.259100943803787,0.0386363081634045,0.5,-0.5,0.493714332580566,-0.576177954673767
108.225000,0.259302914142609,0.0368774570524693,0.5,-0.5,0.496237009763718,-0.530703961849213
108.433125,0.258245915174484,0.038141880184412,0.5,-0.5,0.518600344657898,-0.535361528396606
108.641250,0.256444692611694,0.0398862808942795,0.5,-0.5,0.553934812545776,-0.544545233249664
108.849375,0.251046180725098,0.0341970659792423,0.5,-0.5,0.649474442005157,-0.432007819414139
109.057500,0.252829134464264,0.0328799709677696,0.5,-0.5,0.625716090202332,-0.391612529754639
109.265625,0.262734979391098,0.0435372889041901,0.5,-0.5,0.464209705591202,-0.552427768707275
109.473750,0.265273571014404,0.0454608984291554,0.5,-0.5,0.425019264221191,-0.56676584482193
109.681875,0.265959292650223,0.0484404005110264,0.5,-0.5,0.41452345252037,-0.597196877002716
109.890000,0.26772865653038,0.0533201396465302,0.5,-0.5,0.386214315891266,-0.656633973121643
110.098125,0.267789453268051,0.05159917101264,0.5,-0.5,0.388222843408585,-0.607978582382202
110.306250,0.26632633805275,0.0552116148173809,0.5,-0.5,0.416477739810944,-0.648698687553406
110.514375,0.265411674976349,0.0571420267224312,0.5,-0.5,0.43554949760437,-0.658553838729858
110.722500,0.265900075435638,0.0568852946162224,0.5,-0.5,0.430747091770172,-0.632686376571655
110.930625,0.266798257827759,0.0578317046165466,0.5,-0.5,0.418947637081146,-0.622311472892761
111.138750,0.26291286945343,0.0580721311271191,0.5,-0.5,0.488897770643234,-0.604089021682739
111.346875,0.252727150917053,0.0494998283684254,0.5,-0.5,0.661530733108521,-0.437206655740738
111.555000,0.25500550866127,0.0451182015240192,0.5,-0.5,0.630613446235657,-0.336399406194687
111.763125,0.260405570268631,0.0558275170624256,0.5,-0.5,0.546324074268341,-0.488449484109879
111.971250,0.262481272220612,0.0576812550425529,0.5,-0.5,0.516265332698822,-0.494317084550858
112.179375,0.263064503669739,0.0625849962234497,0.5,-0.5,0.503022253513336,-0.550814390182495
112.387500,0.263668119907379,0.0649597495794296,0.5,-0.5,0.498333752155304,-0.563962936401367
112.595625,0.265200793743134,0.0661165341734886,0.5,-0.5,0.47556483745575,-0.556702375411987
112.803750,0.26541855931282,0.0704598426818848,0.5,-0.5,0.471348255872726,-0.605837345123291
113.011875,0.263674050569534,0.0716258808970451,0.5,-0.5,0.503519594669342,-0.598103284835815
113.220000,0.264196962118149,0.0734754949808121,0.5,-0.5,0.510733067989349,-0.597205996513367
113.428125,0.263203173875809,0.0739764645695686,0.5,-0.5,0.514993786811829,-0.575387477874756
113.636250,0.262549877166748,0.0732666179537773,0.5,-0.5,0.528963267803192,-0.534470677375793
113.844375,0.257678180932999,0.0753108486533165,0.5,-0.5,0.612157940864563,-0.535423398017883
114.052500,0.257330864667892,0.0725583955645561,0.5,-0.5,0.621597468852997,-0.455628633499146
114.260625,0.267642617225647,0.0821902751922607,0.5,-0.5,0.455788433551788,-0.582858264446259
114.468750,0.271072328090668,0.0876392722129822,0.5,-0.5,0.398734927177429,-0.63888818025589
114.676875,0.269781976938248,0.0908526554703712,0.5,-0.5,0.436873972415924,-0.642940640449524
114.885000,0.270486950874329,0.0927605330944061,0.5,-0.5,0.409430116415024,-0.651119887828827
115.093125,0.271573483943939,0.0953594446182251,0.5,-0.5,0.392957270145416,-0.65662008523941
115.301250,0.272773057222366,0.0983637794852257,0.5,-0.5,0.371444880962372,-0.671702086925507
115.509375,0.272020667791367,0.104117155075073,0.5,-0.5,0.384576946496964,-0.727166533470154
115.717500,0.269168436527252,0.103662170469761,0.5,-0.5,0.429278612136841,-0.680454552173615
115.925625,0.269216120243073,0.106819055974483,0.5,-0.5,0.428129076957703,-0.692169070243835
116.133750,0.258047580718994,0.10280954092741,0.5,-0.5,0.614183723926544,-0.583204984664917
116.341875,0.250546902418137,0.0936137661337852,0.5,-0.5,0.716593027114868,-0.418992042541504
116.550000,0.248028874397278,0.0880660191178322,0.5,-0.5,0.734687209129334,-0.313059568405151
116.758125,0.253224730491638,0.0964141115546227,0.5,-0.5,0.624668836593628,-0.439197301864624
116.966250,0.253855973482132,0.0980568900704384,0.5,-0.5,0.591553509235382,-0.459736496210098
117.174375,0.25505805015564,0.101553469896317,0.5,-0.5,0.549715995788574,-0.510082483291626
117.382500,0.255277633666992,0.101172208786011,0.5,-0.5,0.523859143257141,-0.496746957302094
117.590625,0.252789229154587,0.104490518569946,0.5,-0.5,0.544634103775024,-0.541448891162872
117.798750,0.254425764083862,0.105273768305779,0.5,-0.5,0.498113453388214,-0.550300776958466
118.006875,0.250918209552765,0.105090513825417,0.5,-0.5,0.538477897644043,-0.540463924407959
118.215000,0.250777900218964,0.106623463332653,0.5,-0.5,0.522331953048706,-0.562177956104279
118.423125,0.248312443494797,0.106322959065437,0.5,-0.5,0.548746645450592,-0.549224317073822
118.631250,0.249004483222961,0.105371847748756,0.5,-0.5,0.52152419090271,-0.526483178138733
118.839375,0.243506625294685,0.104454912245274,0.5,-0.5,0.601015567779541,-0.505444407463074
119.047500,0.241259947419167,0.101036682724953,0.5,-0.5,0.629079937934875,-0.441230356693268
119.255625,0.239274561405182,0.0963273048400879,0.5,-0.5,0.647807538509369,-0.357067406177521
119.463750,0.248367562890053,0.108316861093044,0.5,-0.5,0.481989353895187,-0.545612871646881
119.671875,0.248670443892479,0.109910540282726,0.5,-0.5,0.467615932226181,-0.561169624328613
119.880000,0.248107239603996,0.111690796911716,0.5,-0.5,0.464830815792084,-0.581782460212708
120.088125,0.249625414609909,0.113922521471977,0.5,-0.5,0.424876868724823,-0.611751258373261
120.296250,0.249509155750275,0.114280998706818,0.5,-0.5,0.41295513510704,-0.605626702308655
120.504375,0.249784499406815,0.113973282277584,0.5,-0.5,0.394318759441376,-0.592037320137024
120.712500,0.245889469981194,0.117287121713161,0.5,-0.5,0.448394179344177,-0.64326947927475
120.920625,0.244638621807098,0.115529596805573,0.5,-0.5,0.459230065345764,-0.608543217182159
121.128750,0.237154349684715,0.107771560549736,0.5,-0.5,0.575718760490417,-0.475144237279892
121.336875,0.237233102321625,0.106230854988098,0.5,-0.5,0.566141963005066,-0.444299221038818
121.545000,0.230379208922386,0.103299640119076,0.5,-0.5,0.672843873500824,-0.390424460172653
121.753125,0.230215698480606,0.0978889167308807,0.5,-0.5,0.669235229492188,-0.289597392082214
121.961250,0.23823656141758,0.110319159924984,0.5,-0.5,0.530075550079346,-0.485863566398621
122.169375,0.238674387335777,0.110343582928181,0.5,-0.5,0.513514399528503,-0.477272659540176
122.377500,0.240530103445053,0.115288853645325,0.5,-0.5,0.48969829082489,-0.53715717792511
122.585625,0.238594710826874,0.113606527447701,0.5,-0.5,0.500512480735779,-0.515869975090027
122.793750,0.238496676087379,0.115537911653519,0.5,-0.5,0.49339434504509,-0.536501884460449
123.001875,0.23917455971241,0.118537187576294,0.5,-0.5,0.470082491636276,-0.580167174339294
123.210000,0.236253723502159,0.118376269936562,0.5,-0.5,0.508711576461792,-0.567741751670837
123.418125,0.236470356583595,0.119160391390324,0.5,-0.5,0.499023586511612,-0.572702288627625
123.626250,0.23513075709343,0.118132077157497,0.5,-0.5,0.515362858772278,-0.548355102539063
123.834375,0.234386667609215,0.117400839924812,0.5,-0.5,0.521616518497467,-0.528929173946381
124.042500,0.22972209751606,0.114976741373539,0.5,-0.5,0.59427148103714,-0.480196893215179
124.250625,0.22668930888176,0.110748514533043,0.5,-0.5,0.643875539302826,-0.394638419151306
124.458750,0.238168030977249,0.123024463653564,0.5,-0.5,0.450654774904251,-0.583459138870239
124.666875,0.236719787120819,0.119628794491291,0.5,-0.5,0.46898365020752,-0.516508221626282
124.875000,0.240308195352554,0.124619923532009,0.5,-0.5,0.403353989124298,-0.588051199913025
125.083125,0.240447863936424,0.124239951372147,0.5,-0.5,0.3964763879776,-0.571007907390594
125.291250,0.239640161395073,0.127745687961578,0.5,-0.5,0.403385996818542,-0.616858005523682
125.499375,0.239217415452003,0.128248125314713,0.5,-0.5,0.405698537826538,-0.615942060947418
125.707500,0.239785254001617,0.129425376653671,0.5,-0.5,0.391480088233948,-0.628844022750854
125.915625,0.230716660618782,0.121495999395847,0.5,-0.5,0.538164079189301,-0.486271858215332
126.123750,0.229417815804482,0.123693816363811,0.5,-0.5,0.559389770030975,-0.514305472373962
126.331875,0.225086405873299,0.122918508946896,0.5,-0.5,0.628150999546051,-0.492570817470551
126.540000,0.22473680973053,0.120696142315865,0.5,-0.5,0.627908825874329,-0.44543981552124
126.748125,0.222876280546188,0.116362012922764,0.5,-0.5,0.661386370658875,-0.357314884662628
126.956250,0.231825068593025,0.126115098595619,0.5,-0.5,0.510696470737457,-0.502437829971313
127.164375,0.232910260558128,0.126252010464668,0.5,-0.5,0.492778033018112,-0.488273143768311
127.372500,0.232929185032845,0.12994273006916,0.5,-0.5,0.490781188011169,-0.534494578838348
127.580625,0.232936799526215,0.132196649909019,0.5,-0.5,0.487690806388855,-0.553545892238617
127.788750,0.234784081578255,0.134198248386383,0.5,-0.5,0.454359620809555,-0.570059955120087
127.996875,0.234283402562141,0.135898664593697,0.5,-0.5,0.458637833595276,-0.582803130149841
128.205000,0.233418241143227,0.13978984951973,0.5,-0.5,0.467987596988678,-0.631969571113586
128.413125,0.232742547988892,0.139047473669052,0.5,-0.5,0.479008793830872,-0.601519703865051
128.621250,0.231891542673111,0.138661727309227,0.5,-0.5,0.492718815803528,-0.577679097652435
128.829375,0.231065541505814,0.142000615596771,0.5,-0.5,0.505807101726532,-0.617202639579773
129.037500,0.228578165173531,0.139031052589417,0.5,-0.5,0.541569769382477,-0.545891761779785
129.245625,0.225280165672302,0.137020543217659,0.5,-0.5,0.596618413925171,-0.490880966186523
129.453750,0.224942892789841,0.13331925868988,0.5,-0.5,0.601813495159149,-0.410029977560043
129.661875,0.233752354979515,0.144089579582214,0.5,-0.5,0.450268894433975,-0.570754647254944
129.870000,0.235167026519775,0.146619468927383,0.5,-0.5,0.423630148172379,-0.589629173278809
130.078125,0.23622764647007,0.150781735777855,0.5,-0.5,0.415858536958694,-0.635503172874451
130.286250,0.237784400582314,0.152575328946114,0.5,-0.5,0.369177103042603,-0.642536818981171
130.494375,0.235293582081795,0.155714645981789,0.5,-0.5,0.406889319419861,-0.672785639762878
130.702500,0.225872561335564,0.151786729693413,0.5,-0.5,0.561315834522247,-0.586188733577728
130.910625,0.225507080554962,0.150277197360992,0.5,-0.5,0.564577400684357,-0.536908745765686
131.118750,0.224575713276863,0.152399405837059,0.5,-0.5,0.572957992553711,-0.550568103790283
131.326875,0.226270020008087,0.15051594376564,0.5,-0.5,0.542509078979492,-0.489555835723877
131.535000,0.222311943769455,0.153880968689919,0.5,-0.5,0.612379908561707,-0.506328821182251
131.743125,0.220036670565605,0.151561230421066,0.5,-0.5,0.634472787380219,-0.45109298825264
131.951250,0.218078687787056,0.149340942502022,0.5,-0.5,0.662878394126892,-0.382061094045639
132.159375,0.226652055978775,0.161231264472008,0.5,-0.5,0.514020979404449,-0.551902890205383
132.367500,0.228125736117363,0.164413079619408,0.5,-0.5,0.478801548480988,-0.574472427368164
132.575625,0.229189097881317,0.167028546333313,0.5,-0.5,0.457058191299438,-0.588530540466309
132.783750,0.227750614285469,0.171097114682198,0.5,-0.5,0.472915858030319,-0.622237622737885
132.991875,0.228172540664673,0.173889756202698,0.5,-0.5,0.461484163999558,-0.634384870529175
133.200000,0.227152854204178,0.1775913387537,0.5,-0.5,0.469553172588348,-0.660705983638763
133.408125,0.226075604557991,0.18112701177597,0.5,-0.5,0.480886876583099,-0.686407387256622
133.616250,0.22698175907135,0.182134091854095,0.5,-0.5,0.457494765520096,-0.668470323085785
133.824375,0.225691989064217,0.183150514960289,0.5,-0.5,0.474740326404572,-0.648383378982544
134.032500,0.221751093864441,0.18466480076313,0.5,-0.5,0.529151380062103,-0.631085574626923
134.240625,0.217150405049324,0.183856308460236,0.5,-0.5,0.597258329391479,-0.577886343002319
134.448750,0.217428505420685,0.182627663016319,0.5,-0.5,0.589144706726074,-0.514445602893829
134.656875,0.226149842143059,0.193676024675369,0.5,-0.5,0.439019292593002,-0.649537086486816
134.865000,0.225662335753441,0.199078842997551,0.5,-0.5,0.436079412698746,-0.692530393600464
135.073125,0.227869763970375,0.198758155107498,0.5,-0.5,0.386088728904724,-0.645320415496826
135.281250,0.227889999747276,0.204635769128799,0.5,-0.5,0.372214019298553,-0.70051521062851
135.489375,0.21674282848835,0.200705483555794,0.5,-0.5,0.542870283126831,-0.588007807731628
135.697500,0.213444292545319,0.205107435584068,0.5,-0.5,0.582705438137054,-0.610667943954468
135.905625,0.214589104056358,0.209914460778236,0.5,-0.5,0.55008590221405,-0.638630032539368
136.113750,0.212306171655655,0.210762351751328,0.5,-0.5,0.575431823730469,-0.599910497665405
136.321875,0.210672482848167,0.214963749051094,0.5,-0.5,0.588048040866852,-0.613150835037231
136.530000,0.208396673202515,0.218773379921913,0.5,-0.5,0.607812166213989,-0.616619408130646
136.738125,0.204400673508644,0.217369571328163,0.5,-0.5,0.661030292510986,-0.535473823547363
136.946250,0.200917661190033,0.216982677578926,0.5,-0.5,0.701158583164215,-0.466833531856537
137.154375,0.207442313432693,0.230641961097717,0.5,-0.5,0.572548866271973,-0.627644956111908
137.362500,0.207118064165115,0.238231241703033,0.5,-0.5,0.553337216377258,-0.692251861095428
137.570625,0.20871601998806,0.242290675640106,0.5,-0.5,0.501928091049194,-0.688808917999268
137.778750,0.206529319286346,0.246395245194435,0.5,-0.5,0.512018322944641,-0.686405420303345
137.986875,0.198815256357193,0.243677631020546,0.5,-0.5,0.596593677997589,-0.595852911472321
138.195000,0.198093309998512,0.250449597835541,0.5,-0.5,0.554349005222321,-0.67448627948761
138.403125,0.195405259728432,0.254535436630249,0.5,-0.5,0.545912623405457,-0.706999361515045
138.611250,0.18913745880127,0.253227531909943,0.5,-0.5,0.598426759243011,-0.652724385261536
138.819375,0.187151670455933,0.254139631986618,0.5,-0.5,0.583549916744232,-0.636830449104309
139.027500,0.183120727539063,0.259277880191803,0.5,-0.5,0.601614952087402,-0.683274865150452
139.235625,0.17946968972683,0.259485870599747,0.5,-0.5,0.625595688819885,-0.635657548904419
139.443750,0.168830767273903,0.256478697061539,0.5,-0.5,0.738372802734375,-0.550680339336395
139.651875,0.166221097111702,0.252523958683014,0.5,-0.5,0.731069087982178,-0.44211146235466
139.860000,0.177101850509644,0.26885774731636,0.5,-0.5,0.501665592193604,-0.673425614833832
140.068125,0.172704741358757,0.271532505750656,0.5,-0.5,0.519834339618683,-0.677507817745209
140.276250,0.161764532327652,0.266161262989044,0.5,-0.5,0.651963770389557,-0.545731961727142
140.484375,0.157425463199615,0.269161254167557,0.5,-0.5,0.67100465297699,-0.552682399749756
140.692500,0.156051069498062,0.276277422904968,0.5,-0.5,0.638805210590363,-0.612237811088562
140.900625,0.151872754096985,0.278503566980362,0.5,-0.5,0.653413057327271,-0.619939804077148
141.108750,0.146251931786537,0.28035980463028,0.5,-0.5,0.693092465400696,-0.600218713283539
141.316875,0.143118649721146,0.284127712249756,0.5,-0.5,0.688082277774811,-0.614064455032349
141.525000,0.140370860695839,0.286930978298187,0.5,-0.5,0.678680539131165,-0.610884785652161
141.733125,0.135285720229149,0.28824982047081,0.5,-0.5,0.711071491241455,-0.582736849784851
141.941250,0.128307089209557,0.286887109279633,0.5,-0.5,0.774318516254425,-0.50460159778595
142.149375,0.12325245141983,0.283072888851166,0.5,-0.5,0.801988005638123,-0.386266112327576
142.357500,0.129440113902092,0.300710737705231,0.5,-0.5,0.641578733921051,-0.623866677284241
142.565625,0.128330811858177,0.305048823356628,0.5,-0.5,0.596957445144653,-0.638659477233887
142.773750,0.12338100373745,0.310520201921463,0.5,-0.5,0.61363697052002,-0.669167518615723
142.981875,0.119293719530106,0.316622674465179,0.5,-0.5,0.619392871856689,-0.710671365261078
143.190000,0.118335835635662,0.323028445243835,0.5,-0.5,0.571084141731262,-0.756363809108734
143.398125,0.11253659427166,0.327140271663666,0.5,-0.5,0.599841713905334,-0.760652601718903
143.606250,0.108714759349823,0.331526786088943,0.5,-0.5,0.593299627304077,-0.766231179237366
143.814375,0.102784834802151,0.335540652275085,0.5,-0.5,0.62287825345993,-0.763824105262756
144.022500,0.0984490290284157,0.340592294931412,0.5,-0.5,0.620151162147522,-0.77516096830368
144.230625,0.0925995707511902,0.345034778118134,0.5,-0.5,0.639787614345551,-0.768846154212952
144.438750,0.0815795958042145,0.345360726118088,0.5,-0.5,0.747198760509491,-0.69138377904892
144.646875,0.0749256983399391,0.345046937465668,0.5,-0.5,0.782197415828705,-0.59542578458786
144.855000,0.0824112743139267,0.362424105405808,0.5,-0.5,0.577066957950592,-0.792679846286774
145.063125,0.0661955773830414,0.360568046569824,0.5,-0.5,0.760398983955383,-0.66767430305481
145.271250,0.0600309185683727,0.367334842681885,0.5,-0.5,0.772588133811951,-0.681066513061523
145.479375,0.051486037671566,0.376404911279678,0.5,-0.5,0.81720894575119,-0.730962872505188
145.687500,0.047741562128067,0.383695185184479,0.5,-0.5,0.775143146514893,-0.744629383087158
145.895625,0.0412076488137245,0.393406897783279,0.5,-0.5,0.778201282024384,-0.79725593328476
146.103750,0.0338693857192993,0.403423726558685,0.5,-0.5,0.792273163795471,-0.845064043998718
146.311875,0.0245569813996553,0.410281926393509,0.5,-0.5,0.833671510219574,-0.830725193023682
146.520000,0.016132278367877,0.417746543884277,0.5,-0.5,0.851764678955078,-0.81845486164093
146.728125,0.00582383945584297,0.427357286214828,0.5,-0.5,0.893668293952942,-0.838428199291229
146.936250,-0.00860642082989216,0.43398728966713,0.5,-0.5,0.997764825820923,-0.798981428146362
147.144375,-0.0216902121901512,0.435298353433609,0.5,-0.5,1.07794082164764,-0.661752462387085
147.352500,-0.0179926194250584,0.461007833480835,0.5,-0.5,0.871316492557526,-0.920073270797729
147.560625,-0.0238596089184284,0.476483047008514,0.5,-0.5,0.811021327972412,-1.00007557868958
147.768750,-0.0375732518732548,0.48943817615509,0.5,-0.5,0.871008276939392,-1.02694749832153
147.976875,-0.0479220002889633,0.506535708904266,0.5,-0.5,0.863226890563965,-1.11362159252167
148.185000,-0.0594390667974949,0.520660877227783,0.5,-0.5,0.866715848445892,-1.13490760326385
148.393125,-0.0723371878266335,0.539464175701141,0.5,-0.5,0.906253695487976,-1.19584226608276
148.601250,-0.0865651145577431,0.556855440139771,0.5,-0.5,0.895556390285492,-1.27015662193298
148.809375,-0.104342773556709,0.574375689029694,0.5,-0.5,0.966569840908051,-1.30501842498779
149.017500,-0.120075650513172,0.595489084720612,0.5,-0.5,0.981559753417969,-1.382648229599
149.225625,-0.140649035573006,0.615316987037659,0.5,-0.5,1.06175887584686,-1.41902089118958
149.433750,-0.164022654294968,0.632319033145905,0.5,-0.5,1.17517256736755,-1.39040076732635
149.641875,-0.193679302930832,0.64520525932312,0.5,-0.5,1.37942314147949,-1.27485013008118
149.850000,-0.212397441267967,0.663949966430664,0.5,-0.5,1.38930797576904,-1.23669171333313
150.058125,-0.231345653533936,0.686288356781006,0.5,-0.5,1.38701510429382,-1.24960029125214
150.266250,-0.249970927834511,0.712236881256104,0.5,-0.5,1.37728703022003,-1.31946206092834
150.474375,-0.269186347723007,0.735687375068665,0.5,-0.5,1.37325692176819,-1.34157109260559
150.682500,-0.284760504961014,0.759573340415955,0.5,-0.5,1.30788993835449,-1.3699072599411
150.890625,-0.304546773433685,0.784260928630829,0.5,-0.5,1.31627106666565,-1.40889275074005
151.098750,-0.322185814380646,0.809025764465332,0.5,-0.5,1.28764021396637,-1.45145618915558
151.306875,-0.342192649841309,0.832861304283142,0.5,-0.5,1.30123627185822,-1.47661375999451
151.515000,-0.362678945064545,0.851280093193054,0.5,-0.5,1.32225775718689,-1.41150641441345
151.723125,-0.384111315011978,0.877417325973511,0.5,-0.5,1.36382138729095,-1.4782327413559
151.931250,-0.406065434217453,0.896455705165863,0.5,-0.5,1.41469836235046,-1.42785358428955
152.139375,-0.437152087688446,0.907396018505096,0.5,-0.5,1.62002229690552,-1.23542034626007
152.347500,-0.451576203107834,0.919743835926056,0.5,-0.5,1.55284345149994,-1.06412661075592
152.555625,-0.449291229248047,0.966947078704834,0.5,-0.5,1.20196664333344,-1.47586715221405
152.763750,-0.463325917720795,0.990270555019379,0.5,-0.5,1.12123537063599,-1.48782992362976
152.971875,-0.478926330804825,1.00713515281677,0.5,-0.5,1.16717970371246,-1.55240166187286
153.180000,-0.484197646379471,1.0090047121048,0.5,-0.5,1.14395701885223,-1.48917186260223
153.388125,-0.487622499465942,1.01870810985565,0.5,-0.5,1.13888955116272,-1.61029553413391
153.596250,-0.486208319664001,1.01785814762115,0.5,-0.5,1.06331944465637,-1.56567430496216
153.804375,-0.48955038189888,1.02247035503387,0.5,-0.5,1.07253789901733,-1.61585605144501
154.012500,-0.492010086774826,1.02256226539612,0.5,-0.5,1.07332944869995,-1.59541141986847
154.220625,-0.493192315101624,1.02722597122192,0.5,-0.5,1.05662965774536,-1.653888463974
154.428750,-0.50040340423584,1.02726292610168,0.5,-0.5,1.14745807647705,-1.63927829265594
154.636875,-0.514971971511841,1.01965200901031,0.5,-0.5,1.36208701133728,-1.49774146080017
154.845000,-0.536071419715881,0.984165549278259,0.5,-0.5,1.693474650383,-0.895986974239349
155.053125,-0.51755702495575,1.0092431306839,0.5,-0.5,1.36275660991669,-1.30225396156311
155.261250,-0.51531183719635,1.01518929004669,0.5,-0.5,1.30076372623444,-1.38927602767944
155.469375,-0.517115473747253,1.01646721363068,0.5,-0.5,1.30785083770752,-1.39923238754272
155.677500,-0.516546070575714,1.01701068878174,0.5,-0.5,1.27923464775085,-1.39918482303619
155.885625,-0.515772700309753,1.01906096935272,0.5,-0.5,1.24798989295959,-1.42460870742798
156.093750,-0.513286948204041,1.02260506153107,0.5,-0.5,1.23107481002808,-1.44514524936676
156.301875,-0.517026305198669,1.02353096008301,0.5,-0.5,1.23686301708221,-1.48356103897095
156.510000,-0.521401405334473,1.02030825614929,0.5,-0.5,1.29458212852478,-1.42262148857117
156.718125,-0.518324494361877,1.02515983581543,0.5,-0.5,1.22832214832306,-1.49630808830261
156.926250,-0.522468686103821,1.02504897117615,0.5,-0.5,1.2821626663208,-1.48726737499237
157.134375,-0.534064471721649,1.02155959606171,0.5,-0.5,1.46405184268951,-1.42355477809906
157.342500,-0.540716707706451,1.0067001581192,0.5,-0.5,1.56641244888306,-1.17182958126068
157.550625,-0.515340149402618,1.02675294876099,0.5,-0.5,1.17420864105225,-1.46887290477753
157.758750,-0.515003681182861,1.02917742729187,0.5,-0.5,1.11904978752136,-1.53727698326111
157.966875,-0.513235569000244,1.03162801265717,0.5,-0.5,1.07932150363922,-1.57315421104431
158.175000,-0.512442648410797,1.03099596500397,0.5,-0.5,1.05864405632019,-1.55881655216217
158.383125,-0.509873449802399,1.03390872478485,0.5,-0.5,1.00822305679321,-1.60352468490601
158.591250,-0.508720993995667,1.03895926475525,0.5,-0.5,0.981645464897156,-1.6838698387146
158.799375,-0.509608387947083,1.03887975215912,0.5,-0.5,0.989002108573914,-1.67873179912567
159.007500,-0.510833561420441,1.03775596618652,0.5,-0.5,1.00233221054077,-1.65623080730438
159.215625,-0.511094927787781,1.0392769575119,0.5,-0.5,0.999610543251038,-1.67789733409882
159.423750,-0.512873768806458,1.04002845287323,0.5,-0.5,1.02268075942993,-1.68733632564545
159.631875,-0.554073929786682,1.0060715675354,0.5,-0.5,1.69386851787567,-1.11573541164398
159.840000,-0.563671886920929,0.992398023605347,0.5,-0.5,1.82991898059845,-0.879781424999237
160.048125,-0.542289197444916,1.01331043243408,0.5,-0.5,1.46112108230591,-1.22395539283752
160.256250,-0.542990863323212,1.01679039001465,0.5,-0.5,1.45113289356232,-1.27470374107361
160.464375,-0.541958749294281,1.01920568943024,0.5,-0.5,1.41084349155426,-1.3071266412735
160.672500,-0.544322490692139,1.01748847961426,0.5,-0.5,1.42962622642517,-1.27170407772064
160.880625,-0.543140649795532,1.01762568950653,0.5,-0.5,1.39297068119049,-1.26847910881042
161.088750,-0.5422243475914,1.0232195854187,0.5,-0.5,1.35901415348053,-1.35552847385406
161.296875,-0.542415261268616,1.02511513233185,0.5,-0.5,1.34471762180328,-1.3813716173172
161.505000,-0.547268688678741,1.0257431268692,0.5,-0.5,1.4102828502655,-1.38660502433777
161.713125,-0.544432044029236,1.02587509155273,0.5,-0.5,1.34575152397156,-1.38321614265442
161.921250,-0.547328591346741,1.02908790111542,0.5,-0.5,1.37670707702637,-1.43116021156311
162.129375,-0.553317248821259,1.02608871459961,0.5,-0.5,1.46099579334259,-1.37609529495239
162.337500,-0.566970229148865,1.01450681686401,0.5,-0.5,1.67526400089264,-1.17854368686676
162.545625,-0.564546644687653,1.00638771057129,0.5,-0.5,1.62977957725525,-1.04134440422058
162.753750,-0.54446804523468,1.03032660484314,0.5,-0.5,1.28080415725708,-1.43563485145569
162.961875,-0.542158782482147,1.03170621395111,0.5,-0.5,1.23026752471924,-1.4544974565506
163.170000,-0.541868984699249,1.0333913564682,0.5,-0.5,1.21335208415985,-1.47850131988525
163.378125,-0.538769006729126,1.03429675102234,0.5,-0.5,1.15147852897644,-1.49006974697113
163.586250,-0.540719509124756,1.04105055332184,0.5,-0.5,1.17456519603729,-1.5995888710022
163.794375,-0.539771199226379,1.03857564926147,0.5,-0.5,1.14967930316925,-1.55512630939484
164.002500,-0.540484666824341,1.04185914993286,0.5,-0.5,1.15032291412354,-1.6061190366745
164.210625,-0.539682865142822,1.0404235124588,0.5,-0.5,1.12903690338135,-1.57934629917145
164.418750,-0.562949419021606,1.02040660381317,0.5,-0.5,1.50989711284637,-1.2432963848114
164.626875,-0.565994083881378,1.01833713054657,0.5,-0.5,1.55457544326782,-1.20686447620392
164.835000,-0.579899311065674,1.01132273674011,0.5,-0.5,1.78015756607056,-1.0880138874054
165.043125,-0.577425599098206,0.997650921344757,0.5,-0.5,1.73589491844177,-0.859151363372803
165.251250,-0.557511270046234,1.02296113967896,0.5,-0.5,1.42957007884979,-1.23848688602448
165.459375,-0.558012187480927,1.02410304546356,0.5,-0.5,1.40144979953766,-1.29621338844299
165.667500,-0.556604385375977,1.02827525138855,0.5,-0.5,1.37011766433716,-1.36303555965424
165.875625,-0.554140269756317,1.02916812896729,0.5,-0.5,1.3230904340744,-1.37598776817322
166.083750,-0.556815981864929,1.03131675720215,0.5,-0.5,1.36267864704132,-1.41011917591095
166.291875,-0.551513254642487,1.03214275836945,0.5,-0.5,1.27029514312744,-1.42250740528107
166.500000,-0.555473864078522,1.0333639383316,0.5,-0.5,1.33134245872498,-1.44117450714111
166.708125,-0.553486585617065,1.03518986701965,0.5,-0.5,1.29225897789001,-1.46969890594482
166.916250,-0.553065419197083,1.03624367713928,0.5,-0.5,1.28138828277588,-1.48583626747131
167.124375,-0.559682130813599,1.03467285633087,0.5,-0.5,1.3867552280426,-1.45796513557434
167.332500,-0.567863345146179,1.03014051914215,0.5,-0.5,1.5190601348877,-1.38099336624146
167.540625,-0.573681175708771,1.01567804813385,0.5,-0.5,1.61205685138702,-1.13846826553345
167.748750,-0.549086928367615,1.03510391712189,0.5,-0.5,1.20017325878143,-1.46149408817291
167.956875,-0.54867959022522,1.03817927837372,0.5,-0.5,1.18943178653717,-1.51133108139038
168.165000,-0.545069515705109,1.03917872905731,0.5,-0.5,1.12639892101288,-1.52683317661285
168.373125,-0.54553884267807,1.0397971868515,0.5,-0.5,1.13030588626862,-1.53578090667725
168.581250,-0.543932318687439,1.04035222530365,0.5,-0.5,1.10067212581635,-1.54385483264923
168.789375,-0.542227983474731,1.04464828968048,0.5,-0.5,1.069291472435,-1.61430144309998
168.997500,-0.543538868427277,1.04651021957397,0.5,-0.5,1.08930253982544,-1.64443325996399
169.205625,-0.566205084323883,1.02947354316711,0.5,-0.5,1.46414375305176,-1.35932111740112
169.413750,-0.566446304321289,1.02755892276764,0.5,-0.5,1.4662938117981,-1.32649350166321
169.621875,-0.566117405891418,1.02616751194,0.5,-0.5,1.45899057388306,-1.30239915847778
169.830000,-0.577996253967285,1.02321231365204,0.5,-0.5,1.6540242433548,-1.25196778774261
170.038125,-0.585563004016876,1.00764083862305,0.5,-0.5,1.77918350696564,-0.991982221603394
170.246250,-0.559503257274628,1.0300225019455,0.5,-0.5,1.34391748905182,-1.36454927921295
170.454375,-0.559924960136414,1.03109383583069,0.5,-0.5,1.35003256797791,-1.38196539878845
170.662500,-0.556884288787842,1.0324239730835,0.5,-0.5,1.29750752449036,-1.40323626995087
170.870625,-0.558327376842499,1.03212463855743,0.5,-0.5,1.31975042819977,-1.3973468542099
171.078750,-0.552403092384338,1.0335282087326,0.5,-0.5,1.22101271152496,-1.42074012756348
171.286875,-0.555299997329712,1.03594839572906,0.5,-0.5,1.26835942268372,-1.46061682701111
171.495000,-0.553425908088684,1.03978419303894,0.5,-0.5,1.23712432384491,-1.52454733848572
171.703125,-0.554798543453217,1.03965353965759,0.5,-0.5,1.26000213623047,-1.52237069606781
171.911250,-0.55375748872757,1.04093730449677,0.5,-0.5,1.24172937870026,-1.54331469535828
172.119375,-0.55586302280426,1.03960919380188,0.5,-0.5,1.27502679824829,-1.52029120922089
172.327500,-0.563450574874878,1.03582978248596,0.5,-0.5,1.40054559707642,-1.45684313774109
172.535625,-0.573737144470215,1.02770936489105,0.5,-0.5,1.57198894023895,-1.32150220870972
172.743750,-0.568944454193115,1.0185831785202,0.5,-0.5,1.49211001396179,-1.16939854621887
172.951875,-0.546154141426086,1.03973865509033,0.5,-0.5,1.15063881874084,-1.52199077606201
173.160000,-0.543492138385773,1.0405455827713,0.5,-0.5,1.06699299812317,-1.53498566150665
173.368125,-0.544721901416779,1.04518580436707,0.5,-0.5,1.08748948574066,-1.61232328414917
173.576250,-0.539337515830994,1.0449253320694,0.5,-0.5,0.997749447822571,-1.60798215866089
173.784375,-0.540836095809937,1.0457649230957,0.5,-0.5,1.02272582054138,-1.62197577953339
173.992500,-0.5611652135849,1.03141963481903,0.5,-0.5,1.36154448986053,-1.38288748264313
174.200625,-0.561925888061523,1.03446304798126,0.5,-0.5,1.37422204017639,-1.43361115455627
174.408750,-0.56022047996521,1.03161835670471,0.5,-0.5,1.37952899932861,-1.35087883472443
174.616875,-0.566291630268097,1.03139019012451,0.5,-0.5,1.44698476791382,-1.38239526748657
174.825000,-0.570556700229645,1.02849411964417,0.5,-0.5,1.51806879043579,-1.33412802219391
175.033125,-0.578542053699493,1.02021646499634,0.5,-0.5,1.65115857124329,-1.19616746902466
175.241250,-0.575065433979034,1.00807523727417,0.5,-0.5,1.59321439266205,-0.993813455104828
175.449375,-0.557544708251953,1.03748488426208,0.5,-0.5,1.30120289325714,-1.48397397994995
175.657500,-0.555858314037323,1.03484427928925,0.5,-0.5,1.27309596538544,-1.4399641752243
175.865625,-0.554533541202545,1.03785276412964,0.5,-0.5,1.25101637840271,-1.49010634422302
176.073750,-0.552065968513489,1.03729474544525,0.5,-0.5,1.20989012718201,-1.48080444335938
176.281875,-0.552585899829865,1.03792309761047,0.5,-0.5,1.21855592727661,-1.49127840995789
176.490000,-0.548796534538269,1.04102540016174,0.5,-0.5,1.15539944171906,-1.5429824590683
176.698125,-0.550399005413055,1.04342865943909,0.5,-0.5,1.18210768699646,-1.58303785324097
176.906250,-0.549179911613464,1.04285228252411,0.5,-0.5,1.16178941726685,-1.57343029975891
177.114375,-0.551621198654175,1.04375052452087,0.5,-0.5,1.20247793197632,-1.58840084075928
177.322500,-0.552439570426941,1.04192185401917,0.5,-0.5,1.21611666679382,-1.55792438983917
177.530625,-0.566922068595886,1.03732252120972,0.5,-0.5,1.45749235153198,-1.48126769065857
177.738750,-0.571977972984314,1.02237415313721,0.5,-0.5,1.54175746440887,-1.23212909698486
177.946875,-0.544501423835754,1.04635643959045,0.5,-0.5,1.08381497859955,-1.63183414936066
178.155000,-0.541699767112732,1.04355561733246,0.5,-0.5,1.03711998462677,-1.58515405654907
178.363125,-0.538841247558594,1.04878747463226,0.5,-0.5,0.989478707313538,-1.67235159873962
178.571250,-0.538421392440796,1.04711925983429,0.5,-0.5,0.982480764389038,-1.64454758167267
178.779375,-0.560643076896667,1.0318295955658,0.5,-0.5,1.35284209251404,-1.38971924781799
178.987500,-0.56208735704422,1.0323166847229,0.5,-0.5,1.37691390514374,-1.39783835411072
179.195625,-0.561463594436646,1.03444468975067,0.5,-0.5,1.36651754379272,-1.43330454826355
179.403750,-0.558798134326935,1.03543341159821,0.5,-0.5,1.32209312915802,-1.44978272914886
179.611875,-0.559824049472809,1.03656756877899,0.5,-0.5,1.33919143676758,-1.46868646144867
179.820000,-0.561159372329712,1.03563511371613,0.5,-0.5,1.36144697666168,-1.45314395427704
180.028125,-0.573724746704102,1.02854561805725,0.5,-0.5,1.57086992263794,-1.33498597145081
180.236250,-0.5765221118927,1.01671636104584,0.5,-0.5,1.61749279499054,-1.13783311843872
180.444375,-0.553806781768799,1.03784453868866,0.5,-0.5,1.23890376091003,-1.48996829986572
180.652500,-0.555344223976135,1.03674447536469,0.5,-0.5,1.26452815532684,-1.4716340303421
180.860625,-0.549834787845612,1.03787672519684,0.5,-0.5,1.17270398139954,-1.49050498008728
181.068750,-0.550692737102509,1.03932678699493,0.5,-0.5,1.18700349330902,-1.5146723985672
181.276875,-0.556786060333252,1.03343594074249,0.5,-0.5,1.2885582447052,-1.4164924621582
181.485000,-0.558954536914825,1.03528559207916,0.5,-0.5,1.31522977352142,-1.44464135169983
181.693125,-0.555540859699249,1.03772270679474,0.5,-0.5,1.25210392475128,-1.483318567276
181.901250,-0.559431672096252,1.03737962245941,0.5,-0.5,1.31079530715942,-1.47567045688629
182.109375,-0.558082103729248,1.04026007652283,0.5,-0.5,1.31782078742981,-1.48772990703583
182.317500,-0.561370611190796,1.03808307647705,0.5,-0.5,1.33076953887939,-1.48392391204834
182.525625,-0.568657100200653,1.03671216964722,0.5,-0.5,1.44606399536133,-1.45940637588501
182.733750,-0.578730225563049,1.0255970954895,0.5,-0.5,1.60775101184845,-1.27245652675629
182.941875,-0.577673435211182,1.01605129241943,0.5,-0.5,1.58597028255463,-1.11203098297119
183.150000,-0.552711129188538,1.04048991203308,0.5,-0.5,1.16472768783569,-1.51782989501953
183.358125,-0.551242232322693,1.04252421855927,0.5,-0.5,1.13631224632263,-1.55046212673187
183.566250,-0.573119938373566,1.02273237705231,0.5,-0.5,1.49485611915588,-1.53888463973999
183.774375,-0.569758892059326,1.02340483665466,0.5,-0.5,1.43485009670258,-1.22881078720093
183.982500,-0.571615397930145,1.0252298116684,0.5,-0.5,1.46071743965149,-1.25774741172791
184.190625,-0.569724559783936,1.02838516235352,0.5,-0.5,1.42507600784302,-1.30905115604401
184.398750,-0.572496235370636,1.0291041135788,0.5,-0.5,1.46821296215057,-1.31997013092041
184.606875,-0.571118772029877,1.03064370155334,0.5,-0.5,1.44120407104492,-1.3443558216095
184.815000,-0.573322176933289,1.02894032001495,0.5,-0.5,1.47400951385498,-1.31472897529602
185.023125,-0.575335383415222,1.02807247638702,0.5,-0.5,1.50256013870239,-1.29879915714264
185.231250,-0.588948369026184,1.01859498023987,0.5,-0.5,1.72544622421265,-1.13957250118256
185.439375,-0.587858438491821,1.00406885147095,0.5,-0.5,1.70633792877197,-0.897062063217163
185.647500,-0.566979706287384,1.03250253200531,0.5,-0.5,1.35534238815308,-1.36989629268646
185.855625,-0.565373539924622,1.03393507003784,0.5,-0.5,1.32663428783417,-1.39293718338013
186.063750,-0.56300550699234,1.03777658939362,0.5,-0.5,1.28309321403503,-1.45575499534607
186.271875,-0.563001155853271,1.03621411323547,0.5,-0.5,1.28007864952087,-1.42868781089783
186.480000,-0.561933875083923,1.03984797000885,0.5,-0.5,1.25935328006744,-1.48821473121643
186.688125,-0.55874890089035,1.03906786441803,0.5,-0.5,1.2033007144928,-1.47414743900299
186.896250,-0.561962008476257,1.04228973388672,0.5,-0.5,1.25493884086609,-1.52700865268707
187.104375,-0.559676706790924,1.04060482978821,0.5,-0.5,1.21490776538849,-1.49808883666992
187.312500,-0.560412764549255,1.04262948036194,0.5,-0.5,1.22526681423187,-1.5310035943985
187.520625,-0.561807751655579,1.04144144058228,0.5,-0.5,1.24559605121613,-1.51012635231018
187.728750,-0.57563453912735,1.03810393810272,0.5,-0.5,1.47416579723358,-1.45368039608002
187.936875,-0.58049601316452,1.02391576766968,0.5,-0.5,1.5532613992691,-1.21636962890625
188.145000,-0.554045617580414,1.04497015476227,0.5,-0.5,1.11145031452179,-1.56684923171997
188.353125,-0.553863763809204,1.04320549964905,0.5,-0.5,1.10746967792511,-1.5370157957077
188.561250,-0.574557781219482,1.02590012550354,0.5,-0.5,1.45052194595337,-1.24776029586792
188.769375,-0.573714971542358,1.02566516399384,0.5,-0.5,1.43458008766174,-1.24301815032959
188.977500,-0.5708869099617,1.03093683719635,0.5,-0.5,1.38651049137115,-1.33046281337738
189.185625,-0.571712970733643,1.03233671188354,0.5,-0.5,1.39836585521698,-1.35297882556915
189.393750,-0.569736897945404,1.03620326519012,0.5,-0.5,1.36543154716492,-1.41742193698883
189.601875,-0.57103019952774,1.0322961807251,0.5,-0.5,1.38698649406433,-1.35230398178101
189.810000,-0.572094321250916,1.03301870822906,0.5,-0.5,1.40472173690796,-1.36434650421143
190.018125,-0.57533472776413,1.03508031368256,0.5,-0.5,1.45688426494598,-1.39789366722107
190.226250,-0.584043145179749,1.02904844284058,0.5,-0.5,1.60202431678772,-1.29736280441284
190.434375,-0.588055431842804,1.01476883888245,0.5,-0.5,1.66794633865356,-1.05895972251892
190.642500,-0.56431657075882,1.03542649745941,0.5,-0.5,1.27229797840118,-1.40325284004211
190.850625,-0.562253594398499,1.03814697265625,0.5,-0.5,1.23791551589966,-1.44859528541565
191.058750,-0.562516331672668,1.03869009017944,0.5,-0.5,1.24135875701904,-1.45722460746765
191.266875,-0.56027489900589,1.0405296087265,0.5,-0.5,1.24264109134674,-1.46007180213928
191.475000,-0.557837247848511,1.04067552089691,0.5,-0.5,1.16337370872498,-1.49031364917755
191.683125,-0.56006783246994,1.0429767370224,0.5,-0.5,1.19959950447083,-1.5282461643219
191.891250,-0.555639743804932,1.04726576805115,0.5,-0.5,1.12579822540283,-1.59972989559174
192.099375,-0.562148869037628,1.0442670583725,0.5,-0.5,1.23428320884705,-1.54975199699402
192.307500,-0.55587637424469,1.04565453529358,0.5,-0.5,1.12974214553833,-1.57287740707397
192.515625,-0.559026300907135,1.0475926399231,0.5,-0.5,1.18224120140076,-1.60517919063568
192.723750,-0.565079033374786,1.0440765619278,0.5,-0.5,1.28311967849731,-1.54657757282257
192.931875,-0.577182114124298,1.03160607814789,0.5,-0.5,1.48483741283417,-1.33873641490936
193.140000,-0.574449121952057,1.02590322494507,0.5,-0.5,1.43928813934326,-1.24368739128113
193.348125,-0.5735964179039,1.02806520462036,0.5,-0.5,1.4250762462616,-1.27972173690796
193.556250,-0.570511043071747,1.03189897537231,0.5,-0.5,1.37365329265594,-1.34361720085144
193.764375,-0.571590423583984,1.03219830989838,0.5,-0.5,1.39164257049561,-1.34860575199127
193.972500,-0.56709611415863,1.03248918056488,0.5,-0.5,1.31673789024353,-1.35345327854156
194.180625,-0.567297160625458,1.03604197502136,0.5,-0.5,1.32008814811707,-1.41266798973083
194.388750,-0.567914545536041,1.03739321231842,0.5,-0.5,1.33037829399109,-1.43518733978271
194.596875,-0.56969141960144,1.03783464431763,0.5,-0.5,1.35999321937561,-1.44254541397095
194.805000,-0.565710544586182,1.03852796554565,0.5,-0.5,1.29364502429962,-1.45410060882568
195.013125,-0.569258272647858,1.03755927085876,0.5,-0.5,1.35277366638184,-1.43795478343964
195.221250,-0.571881294250488,1.03472447395325,0.5,-0.5,1.39649045467377,-1.39070916175842
195.429375,-0.58658641576767,1.02691578865051,0.5,-0.5,1.64157569408417,-1.26056325435638
195.637500,-0.582123637199402,1.01598238945007,0.5,-0.5,1.56719589233398,-1.0783406496048
195.845625,-0.562047481536865,1.03819358348846,0.5,-0.5,1.23259401321411,-1.4485274553299
196.053750,-0.560206532478333,1.03870785236359,0.5,-0.5,1.20191097259521,-1.45709943771362
196.261875,-0.55742484331131,1.04281961917877,0.5,-0.5,1.15555000305176,-1.52562713623047
196.470000,-0.557615697383881,1.04355406761169,0.5,-0.5,1.15873050689697,-1.53786897659302
196.678125,-0.554218828678131,1.04694640636444,0.5,-0.5,1.10211610794067,-1.594407081604
196.886250,-0.551902055740356,1.04747581481934,0.5,-0.5,1.06350302696228,-1.60323202610016
197.094375,-0.554075121879578,1.04999327659607,0.5,-0.5,1.09972071647644,-1.6451895236969
197.302500,-0.55522358417511,1.04863691329956,0.5,-0.5,1.11886191368103,-1.62258327007294
197.510625,-0.555390596389771,1.04845464229584,0.5,-0.5,1.12164568901062,-1.61954534053802
197.718750,-0.556751608848572,1.05130875110626,0.5,-0.5,1.14432954788208,-1.6671142578125
197.926875,-0.571937799453735,1.04356122016907,0.5,-0.5,1.3974324464798,-1.53798758983612
198.135000,-0.589463233947754,1.00491154193878,0.5,-0.5,1.68952310085297,-0.893827438354492
198.343125,-0.569603145122528,1.03150248527527,0.5,-0.5,1.35852181911469,-1.33700919151306
198.551250,-0.566266596317291,1.03405940532684,0.5,-0.5,1.30291187763214,-1.3796249628067
198.759375,-0.565837144851685,1.03474128246307,0.5,-0.5,1.2957546710968,-1.39098823070526
198.967500,-0.56438946723938,1.03506922721863,0.5,-0.5,1.30876612663269,-1.36189293861389
199.175625,-0.565114080905914,1.03664755821228,0.5,-0.5,1.2837039232254,-1.42276012897491
199.383750,-0.563961446285248,1.03934502601624,0.5,-0.5,1.26449298858643,-1.46771848201752
199.591875,-0.562913835048676,1.04512357711792,0.5,-0.5,1.2470326423645,-1.56402695178986
199.800000,-0.56382292509079,1.04081535339355,0.5,-0.5,1.26218402385712,-1.49222350120544
200.008125,-0.562295615673065,1.04288482666016,0.5,-0.5,1.23672962188721,-1.52671480178833
200.216250,-0.566531598567963,1.0421656370163,0.5,-0.5,1.30732929706573,-1.51472878456116
200.424375,-0.578279316425323,1.03627514839172,0.5,-0.5,1.50312387943268,-1.39113187789917
200.632500,-0.581436336040497,1.02009499073029,0.5,-0.5,1.55574154853821,-1.14688444137573
200.840625,-0.55858451128006,1.04147636890411,0.5,-0.5,1.17487716674805,-1.50323963165283
201.048750,-0.557675957679749,1.04464411735535,0.5,-0.5,1.15973472595215,-1.55603611469269
201.256875,-0.553422689437866,1.04442381858826,0.5,-0.5,1.08884716033936,-1.55236554145813
201.465000,-0.551716566085815,1.0437718629837,0.5,-0.5,1.0604122877121,-1.54149806499481
201.673125,-0.551102817058563,1.04782128334045,0.5,-0.5,1.05018246173859,-1.60898840427399
201.881250,-0.547745823860168,1.05279791355133,0.5,-0.5,0.994232296943665,-1.69193243980408
202.089375,-0.548101603984833,1.05041825771332,0.5,-0.5,1.0001620054245,-1.65227198600769
202.297500,-0.550998747348785,1.04871678352356,0.5,-0.5,1.0484482049942,-1.62391424179077
202.505625,-0.547597169876099,1.05185031890869,0.5,-0.5,0.99175488948822,-1.67613935470581
202.713750,-0.551274955272675,1.05242097377777,0.5,-0.5,1.05305194854736,-1.68565118312836
202.921875,-0.585815489292145,1.02930915355682,0.5,-0.5,1.62872695922852,-1.30045390129089
203.130000,-0.599575817584991,1.00427997112274,0.5,-0.5,1.85397207736969,-0.88207221031189
203.338125,-0.57617974281311,1.02321946620941,0.5,-0.5,1.46197855472565,-1.19712173938751
203.546250,-0.57520055770874,1.02460873126984,0.5,-0.5,1.44148325920105,-1.21908712387085
203.754375,-0.575019538402557,1.02479672431946,0.5,-0.5,1.43441784381866,-1.22095894813538
203.962500,-0.574748337268829,1.02843928337097,0.5,-0.5,1.42575597763062,-1.28046917915344
204.170625,-0.572964906692505,1.02987957000732,0.5,-0.5,1.39298486709595,-1.30345678329468
204.378750,-0.571434557437897,1.03108024597168,0.5,-0.5,1.36337888240814,-1.32230424880981
204.586875,-0.571086406707764,1.03368639945984,0.5,-0.5,1.35351765155792,-1.36457133293152
204.795000,-0.570104658603668,1.03592336177826,0.5,-0.5,1.33415687084198,-1.40088152885437
205.003125,-0.571350455284119,1.03488945960999,0.5,-0.5,1.35185563564301,-1.38268554210663
205.211250,-0.575857996940613,1.03459000587463,0.5,-0.5,1.42398810386658,-1.37669539451599
205.419375,-0.578121423721313,1.03370535373688,0.5,-0.5,1.45875477790833,-1.36095404624939
205.627500,-0.590715050697327,1.02448010444641,0.5,-0.5,1.66674590110779,-1.20640277862549
205.835625,-0.586349606513977,1.01320719718933,0.5,-0.5,1.59196853637695,-1.01794588565826
206.043750,-0.566362142562866,1.03720271587372,0.5,-0.5,1.25583612918854,-1.41686487197876
206.251875,-0.564484477043152,1.04012429714203,0.5,-0.5,1.22260367870331,-1.46474826335907
206.460000,-0.563769698143005,1.04001498222351,0.5,-0.5,1.2087345123291,-1.46212315559387
206.668125,-0.56371796131134,1.03808915615082,0.5,-0.5,1.20689272880554,-1.42961752414703
206.876250,-0.559592485427856,1.04244160652161,0.5,-0.5,1.13621807098389,-1.50138247013092
207.084375,-0.561102211475372,1.0448385477066,0.5,-0.5,1.16042840480804,-1.54093360900879
207.292500,-0.560300707817078,1.04799902439117,0.5,-0.5,1.14510893821716,-1.59280610084534
207.500625,-0.558755815029144,1.04814612865448,0.5,-0.5,1.11837446689606,-1.59486436843872
207.708750,-0.581678509712219,1.02778112888336,0.5,-0.5,1.4994637966156,-1.25504517555237
207.916875,-0.585767030715942,1.02260780334473,0.5,-0.5,1.5666606426239,-1.16841781139374
