Time (seconds),Ic,Controller.Id_Ref,Controller.Iq_Ref,Controller.Id,Controller.Iq
0.000000,0.429349333047867,0.800000011920929,5,-0.279100745916367,0.942996859550476
0.208125,1.04873812198639,0.800000011920929,5,-0.251646667718887,1.00738763809204
0.416250,0.0109078194946051,0.800000011920929,5,-0.307015180587769,1.13897001743317
0.624375,-1.27166414260864,0.800000011920929,5,-0.327563762664795,1.2853946685791
0.832500,-0.677710771560669,0.800000011920929,5,-0.240619957447052,1.56731021404266
1.040625,1.30329918861389,0.800000011920929,5,-0.206762909889221,1.62592017650604
1.248750,1.35958659648895,0.800000011920929,5,-0.234960675239563,1.72762537002563
1.456875,-0.83792370557785,0.800000011920929,5,-0.178005695343018,1.83350849151611
1.665000,-1.85963177680969,0.800000011920929,5,-0.246874332427979,1.9729859828949
1.873125,0.173855945467949,0.800000011920929,5,-0.0647419095039368,2.19003224372864
2.081250,2.17419672012329,0.800000011920929,5,-0.0619010925292969,2.17287683486938
2.289375,0.70272296667099,0.800000011920929,5,-0.113138735294342,2.25398278236389
2.497500,-2.08962321281433,0.800000011920929,5,-0.191175892949104,2.35610866546631
2.705625,-1.61449134349823,0.800000011920929,5,-0.0276329815387726,2.58626937866211
2.913750,1.53438019752502,0.800000011920929,5,0.151971518993378,2.61005973815918
3.121875,2.40327167510986,0.800000011920929,5,-0.0112574100494385,2.67565250396729
3.330000,-0.763869345188141,0.800000011920929,5,0.0281025171279907,2.69393014907837
3.538125,-2.73044037818909,0.800000011920929,5,-0.11736011505127,2.81732225418091
3.746250,-0.299671292304993,0.800000011920929,5,0.181296706199646,3.0040123462677
3.954375,2.8261992931366,0.800000011920929,5,0.113426268100739,2.91354179382324
4.162500,1.38515841960907,0.800000011920929,5,0.111712887883186,2.97542381286621
4.370625,-2.40802216529846,0.800000011920929,5,0.124588042497635,3.06743407249451
4.578750,-2.4005880355835,0.800000011920929,5,0.114103555679321,3.300940990448
4.786875,1.56348562240601,0.800000011920929,5,0.339866638183594,3.22929096221924
4.995000,3.08580899238586,0.800000011920929,5,0.120754599571228,3.25528049468994
5.203125,-0.5593341588974,0.800000011920929,5,0.11547315120697,3.35015821456909
5.411250,-3.44818091392517,0.800000011920929,5,0.147791862487793,3.46318197250366
5.619375,-0.829597294330597,0.800000011920929,5,0.36321759223938,3.60216426849365
5.827500,3.16317510604858,0.800000011920929,5,0.312555253505707,3.47506165504456
6.035625,2.01259994506836,0.800000011920929,5,0.223499089479446,3.60805463790894
6.243750,-2.57977676391602,0.800000011920929,5,0.228220045566559,3.63265681266785
6.451875,-3.03974533081055,0.800000011920929,5,0.264108657836914,3.75497651100159
6.660000,1.40802562236786,0.800000011920929,5,0.545506596565247,3.79319381713867
6.868125,3.61419320106506,0.800000011920929,5,0.303678870201111,3.66829109191895
7.076250,-0.142692148685455,0.800000011920929,5,0.279425144195557,3.81087708473206
7.284375,-3.7861750125885,0.800000011920929,5,0.267943501472473,3.84592008590698
7.492500,-1.41442620754242,0.800000011920929,5,0.517204880714417,4.03625869750977
7.700625,3.27033162117004,0.800000011920929,5,0.503764688968658,3.7947781085968
7.908750,2.653244972229,0.800000011920929,5,0.376651912927628,3.96686792373657
8.116875,-2.48475694656372,0.800000011920929,5,0.348321437835693,3.9543821811676
8.325000,-3.59880399703979,0.800000011920929,5,0.369932770729065,4.17931270599365
8.533125,1.05858266353607,0.800000011920929,5,0.672191143035889,4.05600547790527
8.741250,4.00614023208618,0.800000011920929,5,0.401511549949646,3.99644899368286
8.949375,0.278281599283218,0.800000011920929,5,0.440507769584656,4.11742782592773
9.157500,-4.10141658782959,0.800000011920929,5,0.369364738464355,4.18819761276245
9.365625,-1.98130583763123,0.800000011920929,5,0.637689530849457,4.36651515960693
9.573750,3.30461645126343,0.800000011920929,5,0.671599745750427,4.11522150039673
9.781875,3.05658197402954,0.800000011920929,5,0.394289791584015,4.19429779052734
9.990000,-2.28965926170349,0.800000011920929,5,0.45772659778595,4.20637464523315
10.198125,-3.99259757995605,0.800000011920929,5,0.454567074775696,4.39774799346924
10.406250,0.786144554615021,0.800000011920929,5,0.714065790176392,4.42974948883057
10.614375,4.27425622940063,0.800000011920929,5,0.554835557937622,4.23561382293701
10.822500,0.66729062795639,0.800000011920929,5,0.427897810935974,4.36713266372681
11.030625,-4.11603975296021,0.800000011920929,5,0.415398240089417,4.37684392929077
11.238750,-2.38859820365906,0.800000011920929,5,0.687226891517639,4.60042428970337
11.446875,3.16220474243164,0.800000011920929,5,0.843217372894287,4.35410356521606
11.655000,3.53588366508484,0.800000011920929,5,0.455798387527466,4.43887996673584
11.863125,-1.98693144321442,0.800000011920929,5,0.576540470123291,4.40528011322021
12.071250,-4.35666275024414,0.800000011920929,5,0.534124612808228,4.59803199768066
12.279375,0.300187557935715,0.800000011920929,5,0.837600946426392,4.61213684082031
12.487500,4.43801832199097,0.800000011920929,5,0.598272919654846,4.40710926055908
12.695625,1.22092854976654,0.800000011920929,5,0.584914207458496,4.51886034011841
12.903750,-4.0967583656311,0.800000011920929,5,0.437684595584869,4.52283906936646
13.111875,-2.87964010238647,0.800000011920929,5,0.735154867172241,4.75379514694214
13.320000,3.03252863883972,0.800000011920929,5,0.811487317085266,4.50328826904297
13.528125,3.8613805770874,0.800000011920929,5,0.534046769142151,4.55614137649536
13.736250,-1.77093040943146,0.800000011920929,5,0.522886514663696,4.53753614425659
13.944375,-4.57924699783325,0.800000011920929,5,0.526154756546021,4.71731281280518
14.152500,-0.0661247745156288,0.800000011920929,5,0.85908031463623,4.72821044921875
14.360625,4.54583501815796,0.800000011920929,5,0.604232788085938,4.5546612739563
14.568750,1.61006045341492,0.800000011920929,5,0.526697754859924,4.63996553421021
14.776875,-4.03295469284058,0.800000011920929,5,0.562447845935822,4.67240905761719
14.985000,-3.2188720703125,0.800000011920929,5,0.675325751304626,4.8317437171936
15.193125,2.73292565345764,0.800000011920929,5,0.915515899658203,4.65911865234375
15.401250,4.13239336013794,0.800000011920929,5,0.568920373916626,4.61749267578125
15.609375,-1.33325624465942,0.800000011920929,5,0.602658033370972,4.72409439086914
15.817500,-4.74509239196777,0.800000011920929,5,0.583452224731445,4.8071403503418
16.025625,-0.515763759613037,0.800000011920929,5,0.860605120658875,4.89954328536987
16.233750,4.49749708175659,0.800000011920929,5,0.701083958148956,4.62582492828369
16.441875,2.10757565498352,0.800000011920929,5,0.657032132148743,4.74551057815552
16.650000,-3.8408203125,0.800000011920929,5,0.60613089799881,4.72053003311157
16.858125,-3.61331367492676,0.800000011920929,5,0.706645369529724,4.97265863418579
17.066250,2.37820172309875,0.800000011920929,5,1.04186677932739,4.74678993225098
17.274375,4.38872241973877,0.800000011920929,5,0.585349917411804,4.69586372375488
17.482500,-0.933353245258331,0.800000011920929,5,0.611952066421509,4.79693794250488
17.690625,-4.86168003082275,0.800000011920929,5,0.577690124511719,4.89589977264404
17.898750,-1.00507509708405,0.800000011920929,5,0.925417542457581,4.9188175201416
18.106875,4.41765213012695,0.800000011920929,5,0.66925048828125,4.67663431167603
18.315000,2.5106143951416,0.800000011920929,5,0.641311824321747,4.76929569244385
18.523125,-3.63522505760193,0.800000011920929,5,0.520076870918274,4.7797908782959
18.731250,-3.96353125572205,0.800000011920929,5,0.689033150672913,5.03477478027344
18.939375,2.12943291664124,0.800000011920929,5,0.969550848007202,4.86443138122559
19.147500,4.59454441070557,0.800000011920929,5,0.643895864486694,4.72105884552002
19.355625,-0.566403090953827,0.800000011920929,5,0.62105393409729,4.89756011962891
19.563750,-4.85102319717407,0.800000011920929,5,0.611961007118225,4.90782642364502
19.771875,-1.39305424690247,0.800000011920929,5,0.874388575553894,5.00975465774536
19.980000,4.30263757705688,0.800000011920929,5,0.78732693195343,4.74578332901001
20.188125,2.83242225646973,0.800000011920929,5,0.59955233335495,4.84831762313843
20.396250,-3.28919506072998,0.800000011920929,5,0.662524342536926,4.8249192237854
20.604375,-4.22184658050537,0.800000011920929,5,0.707725405693054,5.04538011550903
20.812500,1.65783905982971,0.800000011920929,5,1.02305245399475,4.91207790374756
21.020625,4.75101900100708,0.800000011920929,5,0.625468969345093,4.77978038787842
21.228750,-0.0563562326133251,0.800000011920929,5,0.689602494239807,4.8914942741394
21.436875,-4.8560528755188,0.800000011920929,5,0.56714391708374,4.92641639709473
21.645000,-1.95048403739929,0.800000011920929,5,1.01098322868347,5.04957818984985
21.853125,4.10677146911621,0.800000011920929,5,0.816092133522034,4.7937331199646
22.061250,3.27620434761047,0.800000011920929,5,0.629107236862183,4.89923477172852
22.269375,-3.04303646087646,0.800000011920929,5,0.636997938156128,4.84714984893799
22.477500,-4.46190500259399,0.800000011920929,5,0.700125694274902,5.07590246200562
22.685625,1.27988290786743,0.800000011920929,5,1.00493478775024,4.90609788894653
22.893750,4.81588220596313,0.800000011920929,5,0.688364028930664,4.79083013534546
23.101875,0.326225787401199,0.800000011920929,5,0.633617639541626,4.85900688171387
23.310000,-4.7848687171936,0.800000011920929,5,0.625181078910828,4.94538879394531
23.518125,-2.25589227676392,0.800000011920929,5,0.89348691701889,5.08775854110718
23.726250,3.86716651916504,0.800000011920929,5,0.836809754371643,4.82120704650879
23.934375,3.50618839263916,0.800000011920929,5,0.556506931781769,4.88462495803833
24.142500,-2.69796800613403,0.800000011920929,5,0.687985420227051,4.89640474319458
24.350625,-4.61103248596191,0.800000011920929,5,0.653110504150391,5.03996324539185
24.558750,0.874842703342438,0.800000011920929,5,0.943862915039063,5.02062082290649
24.766875,4.87481594085693,0.800000011920929,5,0.769356727600098,4.78351068496704
24.975000,0.78440922498703,0.800000011920929,5,0.658010244369507,4.97895860671997
25.183125,-4.69148874282837,0.800000011920929,5,0.678994238376617,4.97411584854126
25.391250,-2.72035717964172,0.800000011920929,5,0.869071125984192,5.14438819885254
25.599375,3.5426504611969,0.800000011920929,5,1.02780032157898,4.80347919464111
25.807500,3.86502456665039,0.800000011920929,5,0.638287544250488,4.91556262969971
26.015625,-2.26997208595276,0.800000011920929,5,0.727832436561584,4.90212202072144
26.223750,-4.82133722305298,0.800000011920929,5,0.597497463226318,5.08852100372314
26.431875,0.429094731807709,0.800000011920929,5,1.02916646003723,5.01639080047607
26.640000,4.92717981338501,0.800000011920929,5,0.669456243515015,4.86196804046631
26.848125,1.2589430809021,0.800000011920929,5,0.68938684463501,4.90490245819092
27.056250,-4.56919097900391,0.800000011920929,5,0.605870962142944,4.98281717300415
27.264375,-3.08047986030579,0.800000011920929,5,0.877518713474274,5.14648342132568
27.472500,3.32067275047302,0.800000011920929,5,0.990854859352112,4.83495807647705
27.680625,4.12230682373047,0.800000011920929,5,0.685121297836304,4.86868667602539
27.888750,-1.95926773548126,0.800000011920929,5,0.649023294448853,4.95844173431396
28.096875,-4.92788982391357,0.800000011920929,5,0.732494354248047,5.06527900695801
28.305000,0.00363792246207595,0.800000011920929,5,0.963394284248352,5.05945682525635
28.513125,4.83563899993896,0.800000011920929,5,0.801676154136658,4.8126335144043
28.721250,1.65993225574493,0.800000011920929,5,0.6583451628685,4.99674034118652
28.929375,-4.33454418182373,0.800000011920929,5,0.650975942611694,4.96994304656982
29.137500,-3.38108086585999,0.800000011920929,5,0.748074293136597,5.19306945800781
29.345625,2.93752193450928,0.800000011920929,5,1.14321959018707,4.92231941223145
29.553750,4.35517406463623,0.800000011920929,5,0.643603086471558,4.90969038009644
29.761875,-1.49644112586975,0.800000011920929,5,0.69256067276001,4.98287200927734
29.970000,-4.95654058456421,0.800000011920929,5,0.658173799514771,5.03107261657715
30.178125,-0.489069610834122,0.800000011920929,5,1.01232314109802,5.09502267837524
30.386250,4.7464804649353,0.800000011920929,5,0.753930926322937,4.84626245498657
30.594375,2.12718105316162,0.800000011920929,5,0.718586325645447,5.02593994140625
30.802500,-4.11308288574219,0.800000011920929,5,0.565590381622314,4.93834066390991
31.010625,-3.73513150215149,0.800000011920929,5,0.826565027236938,5.17121934890747
31.218750,2.63447070121765,0.800000011920929,5,1.02306842803955,4.9188928604126
31.426875,4.53185701370239,0.800000011920929,5,0.601671099662781,4.89839172363281
31.635000,-1.14397358894348,0.800000011920929,5,0.672028541564941,4.94376373291016
31.843125,-5.06364393234253,0.800000011920929,5,0.687096357345581,5.09201335906982
32.051250,-0.898142278194427,0.800000011920929,5,0.933755874633789,5.05180168151855
32.259375,4.60197114944458,0.800000011920929,5,0.76481157541275,4.84502696990967
32.467500,2.47981834411621,0.800000011920929,5,0.683623373508453,4.93609857559204
32.675625,-3.85640645027161,0.800000011920929,5,0.61572277545929,4.99745416641235
32.883750,-4.0081615447998,0.800000011920929,5,0.803768992424011,5.15444278717041
33.091875,2.25374341011047,0.800000011920929,5,1.05142247676849,5.02213716506958
33.300000,4.69461107254028,0.800000011920929,5,0.6835777759552,4.88907814025879
33.508125,-0.662744402885437,0.800000011920929,5,0.677139759063721,4.99841785430908
33.716250,-5.01523542404175,0.800000011920929,5,0.70133900642395,5.04379606246948
33.924375,-1.3486522436142,0.800000011920929,5,0.978259921073914,5.17540121078491
34.132500,4.42361068725586,0.800000011920929,5,0.833039164543152,4.84859275817871
34.340625,2.8491051197052,0.800000011920929,5,0.640259921550751,5.0129337310791
34.548750,-3.47617340087891,0.800000011920929,5,0.716245591640472,4.89800834655762
34.756875,-4.27453756332397,0.800000011920929,5,0.707669496536255,5.20379543304443
34.965000,1.73270237445831,0.800000011920929,5,1.11851108074188,4.96995449066162
35.173125,4.79307508468628,0.800000011920929,5,0.68765664100647,4.84552478790283
35.381250,-0.177531778812408,0.800000011920929,5,0.717756986618042,4.97697353363037
35.589375,-5.00836992263794,0.800000011920929,5,0.599818348884583,5.04317951202393
35.797500,-1.8112770318985,0.800000011920929,5,0.982758522033691,5.15845775604248
36.005625,4.26909208297729,0.800000011920929,5,0.806587398052216,4.89913177490234
36.213750,3.21993589401245,0.800000011920929,5,0.656155228614807,4.95494747161865
36.421875,-3.21780133247375,0.800000011920929,5,0.645316243171692,4.94411134719849
36.630000,-4.45422458648682,0.800000011920929,5,0.70451819896698,5.15071535110474
36.838125,1.46038627624512,0.800000011920929,5,1.0401417016983,5.02019214630127
37.046250,4.90430974960327,0.800000011920929,5,0.789630651473999,4.86754512786865
37.254375,0.157771453261375,0.800000011920929,5,0.618315577507019,4.98394107818604
37.462500,-4.8989143371582,0.800000011920929,5,0.645247936248779,5.01057100296021
37.670625,-2.17478322982788,0.800000011920929,5,0.899983882904053,5.15889596939087
37.878750,3.99986052513123,0.800000011920929,5,0.84010523557663,4.8852596282959
38.086875,3.47821164131165,0.800000011920929,5,0.629119217395782,4.92091751098633
38.295000,-2.80032277107239,0.800000011920929,5,0.782424211502075,4.97887420654297
38.503125,-4.67312431335449,0.800000011920929,5,0.633778810501099,5.17484283447266
38.711250,0.975382685661316,0.800000011920929,5,1.07046294212341,5.0680570602417
38.919375,4.91895437240601,0.800000011920929,5,0.732022404670715,4.83607625961304
39.127500,0.703283071517944,0.800000011920929,5,0.745338439941406,4.95199489593506
39.335625,-4.75738286972046,0.800000011920929,5,0.610042214393616,4.98459720611572
39.543750,-2.60480856895447,0.800000011920929,5,0.936015248298645,5.17257976531982
39.751875,3.72795128822327,0.800000011920929,5,0.982608258724213,4.85192489624023
39.960000,3.78815054893494,0.800000011920929,5,0.643544793128967,4.94251585006714
40.168125,-2.43583011627197,0.800000011920929,5,0.673740029335022,4.92894124984741
40.376250,-4.83050107955933,0.800000011920929,5,0.676006317138672,5.14010047912598
40.584375,0.547945380210876,0.800000011920929,5,0.99921703338623,5.01975345611572
40.792500,4.95151805877686,0.800000011920929,5,0.760133147239685,4.89175271987915
41.000625,1.04463422298431,0.800000011920929,5,0.633960366249084,5.0040168762207
41.208750,-4.63034343719482,0.800000011920929,5,0.655430793762207,4.99917793273926
41.416875,-2.99887704849243,0.800000011920929,5,0.899451375007629,5.19655132293701
41.625000,3.45378994941711,0.800000011920929,5,1.05297815799713,4.9418888092041
41.833125,4.07560729980469,0.800000011920929,5,0.577651977539063,4.96147918701172
42.041250,-2.0947117805481,0.800000011920929,5,0.658172249794006,5.00915861129761
42.249375,-4.96513509750366,0.800000011920929,5,0.731844902038574,5.09430932998657
42.457500,0.114027708768845,0.800000011920929,5,1.02543878555298,5.14128112792969
42.665625,4.87915849685669,0.800000011920929,5,0.827722430229187,4.84050416946411
42.873750,1.53971815109253,0.800000011920929,5,0.674681842327118,5.02519607543945
43.081875,-4.41023349761963,0.800000011920929,5,0.591114282608032,4.94168663024902
43.290000,-3.31055116653442,0.800000011920929,5,0.853113949298859,5.23507022857666
43.498125,3.03243017196655,0.800000011920929,5,1.08554756641388,4.89479970932007
43.706250,4.26083612442017,0.800000011920929,5,0.532387614250183,4.92039442062378
43.914375,-1.62628602981567,0.800000011920929,5,0.776175737380981,5.01834058761597
44.122500,-5.04376745223999,0.800000011920929,5,0.666180610656738,5.11107635498047
44.330625,-0.360698580741882,0.800000011920929,5,0.993258118629456,5.0868034362793
44.538750,4.82484722137451,0.800000011920929,5,0.772268176078796,4.87831115722656
44.746875,2.02747535705566,0.800000011920929,5,0.727950930595398,5.01483106613159
44.955000,-4.22396421432495,0.800000011920929,5,0.593278348445892,4.99599075317383
45.163125,-3.62497973442078,0.800000011920929,5,0.853134632110596,5.16649532318115
45.371250,2.76310610771179,0.800000011920929,5,0.989509701728821,4.96047687530518
45.579375,4.51346731185913,0.800000011920929,5,0.64247453212738,4.93570756912231
45.787500,-1.25895464420319,0.800000011920929,5,0.695808887481689,4.97759962081909
45.995625,-5.04715251922607,0.800000011920929,5,0.648962736129761,5.08973121643066
46.203750,-0.759141266345978,0.800000011920929,5,0.996532797813416,5.13086318969727
46.411875,4.71823740005493,0.800000011920929,5,0.790744006633759,4.90998601913452
46.620000,2.30888986587524,0.800000011920929,5,0.585663378238678,5.0164680480957
46.828125,-3.91675281524658,0.800000011920929,5,0.692920923233032,4.95004558563232
47.036250,-3.9111168384552,0.800000011920929,5,0.731328964233398,5.16809177398682
47.244375,2.36150741577148,0.800000011920929,5,1.07334315776825,5.03706359863281
47.452500,4.60004091262817,0.800000011920929,5,0.613497495651245,4.88500833511353
47.660625,-0.771005928516388,0.800000011920929,5,0.70158052444458,4.93813467025757
47.868750,-5.04576349258423,0.800000011920929,5,0.59479808807373,5.06626033782959
48.076875,-1.23887014389038,0.800000011920929,5,1.01249563694,5.16210985183716
48.285000,4.55102252960205,0.800000011920929,5,0.829899728298187,4.88229465484619
48.493125,2.76245808601379,0.800000011920929,5,0.714945375919342,4.98019504547119
48.701250,-3.6370701789856,0.800000011920929,5,0.68781042098999,4.96916961669922
48.909375,-4.15928792953491,0.800000011920929,5,0.743677377700806,5.18220043182373
49.117500,1.9620589017868,0.800000011920929,5,1.0904974937439,4.98425436019897
49.325625,4.78040027618408,0.800000011920929,5,0.718548774719238,4.89192771911621
49.533750,-0.381961464881897,0.800000011920929,5,0.650129795074463,5.03914070129395
49.741875,-5.02438068389893,0.800000011920929,5,0.665573239326477,5.05321455001831
49.950000,-1.63489031791687,0.800000011920929,5,0.956537663936615,5.12012577056885
50.158125,4.37034273147583,0.800000011920929,5,0.796708583831787,4.87993669509888
50.366250,3.08126544952393,0.800000011920929,5,0.657225012779236,4.99216175079346
50.574375,-3.35366487503052,0.800000011920929,5,0.64216023683548,4.99101066589355
50.782500,-4.42315673828125,0.800000011920929,5,0.758358001708984,5.17060041427612
50.990625,1.60747420787811,0.800000011920929,5,1.03268647193909,5.05877208709717
51.198750,4.87141513824463,0.800000011920929,5,0.734232425689697,4.86365413665771
51.406875,0.0294597819447517,0.800000011920929,5,0.642460942268372,5.02876091003418
51.615000,-4.88407802581787,0.800000011920929,5,0.721626996994019,5.00227022171021
51.823125,-2.03146529197693,0.800000011920929,5,0.91689920425415,5.19151163101196
52.031250,4.04891586303711,0.800000011920929,5,0.877760529518127,4.85157632827759
52.239375,3.42156219482422,0.800000011920929,5,0.639444410800934,4.97841882705688
52.447500,-2.91325879096985,0.800000011920929,5,0.706557750701904,4.93867683410645
52.655625,-4.62444305419922,0.800000011920929,5,0.723076105117798,5.16492414474487
52.863750,1.10318720340729,0.800000011920929,5,1.0741274356842,5.01853656768799
53.071875,4.8970103263855,0.800000011920929,5,0.676723718643188,4.84899377822876
53.280000,0.551781177520752,0.800000011920929,5,0.71852433681488,4.98182010650635
53.488125,-4.86917161941528,0.800000011920929,5,0.528416395187378,5.02938079833984
53.696250,-2.48774290084839,0.800000011920929,5,0.921654224395752,5.17709159851074
53.904375,3.82318782806396,0.800000011920929,5,0.944647550582886,4.84083652496338
54.112500,3.74990606307983,0.800000011920929,5,0.667321026325226,4.95199966430664
54.320625,-2.62340307235718,0.800000011920929,5,0.681986331939697,4.97665739059448
54.528750,-4.78703308105469,0.800000011920929,5,0.711636066436768,5.15431880950928
54.736875,0.774379968643188,0.800000011920929,5,0.952519178390503,5.10021018981934
54.945000,4.9915566444397,0.800000011920929,5,0.805328011512756,4.89709663391113
55.153125,0.914863646030426,0.800000011920929,5,0.636175990104675,4.98114919662476
55.361250,-4.67798948287964,0.800000011920929,5,0.642812967300415,5.0062141418457
55.569375,-2.85758590698242,0.800000011920929,5,0.907683432102203,5.19385719299316
55.777500,3.51224303245544,0.800000011920929,5,1.08134520053864,4.89613485336304
55.985625,3.98775577545166,0.800000011920929,5,0.577785611152649,4.99179172515869
56.193750,-2.18736910820007,0.800000011920929,5,0.741092443466187,4.99490547180176
56.401875,-4.90097522735596,0.800000011920929,5,0.626781940460205,5.12168502807617
56.610000,0.260974586009979,0.800000011920929,5,1.04630744457245,5.08186101913452
56.818125,4.93263673782349,0.800000011920929,5,0.752408862113953,4.87648773193359
57.026250,1.42763578891754,0.800000011920929,5,0.68738329410553,5.01875162124634
57.234375,-4.47125434875488,0.800000011920929,5,0.660136640071869,4.94841575622559
57.442500,-3.20560026168823,0.800000011920929,5,0.881344258785248,5.14355182647705
57.650625,3.1901261806488,0.800000011920929,5,1.01750004291534,4.87518930435181
57.858750,4.21159839630127,0.800000011920929,5,0.640312433242798,4.92662525177002
58.066875,-1.79187893867493,0.800000011920929,5,0.746113538742065,4.9619665145874
58.275000,-5.00425148010254,0.800000011920929,5,0.627579212188721,5.1251916885376
58.483125,-0.215118408203125,0.800000011920929,5,1.05934619903564,5.07116794586182
58.691250,4.85317087173462,0.800000011920929,5,0.735866069793701,4.89914751052856
58.899375,1.81909549236298,0.800000011920929,5,0.643433451652527,4.99716472625732
59.107500,-4.32637882232666,0.800000011920929,5,0.605363249778748,5.00327157974243
59.315625,-3.54364848136902,0.800000011920929,5,0.85808253288269,5.18559885025024
59.523750,2.87727427482605,0.800000011920929,5,1.01891839504242,4.95672130584717
59.731875,4.44277143478394,0.800000011920929,5,0.68583869934082,4.89199924468994
59.940000,-1.38432240486145,0.800000011920929,5,0.675384283065796,5.03559398651123
60.148125,-5.03883743286133,0.800000011920929,5,0.699820756912231,5.0603494644165
60.356250,-0.600476503372192,0.800000011920929,5,0.968271374702454,5.16090774536133
60.564375,4.71150588989258,0.800000011920929,5,0.78688508272171,4.85149812698364
60.772500,2.23667240142822,0.800000011920929,5,0.725138902664185,5.00206565856934
60.980625,-4.01268196105957,0.800000011920929,5,0.688812434673309,4.97242307662964
61.188750,-3.83669638633728,0.800000011920929,5,0.763455927371979,5.22319650650024
61.396875,2.44712662696838,0.800000011920929,5,1.1235134601593,4.94516515731812
61.605000,4.61149740219116,0.800000011920929,5,0.591807842254639,4.96101140975952
61.813125,-0.93048632144928,0.800000011920929,5,0.690374851226807,4.95450401306152
62.021250,-5.09568929672241,0.800000011920929,5,0.674847602844238,5.07356071472168
62.229375,-1.10680747032166,0.800000011920929,5,1.02299249172211,5.10819816589355
62.437500,4.59202241897583,0.800000011920929,5,0.788336575031281,4.89381074905396
62.645625,2.68143486976624,0.800000011920929,5,0.732664942741394,5.00453615188599
62.853750,-3.74843287467957,0.800000011920929,5,0.60728508234024,4.94427156448364
63.061875,-4.13394069671631,0.800000011920929,5,0.805683374404907,5.21450233459473
63.270000,2.12380504608154,0.800000011920929,5,1.06521284580231,5.00733661651611
63.478125,4.76725053787231,0.800000011920929,5,0.687466621398926,4.87599563598633
63.686250,-0.545065522193909,0.800000011920929,5,0.695516109466553,5.01059722900391
63.894375,-5.04609251022339,0.800000011920929,5,0.661301136016846,5.0604829788208
64.102500,-1.45215451717377,0.800000011920929,5,0.886716485023499,5.1145076751709
64.310625,4.40202331542969,0.800000011920929,5,0.847857534885406,4.87669944763184
64.518750,2.98164105415344,0.800000011920929,5,0.657120823860168,4.99439716339111
64.726875,-3.43615102767944,0.800000011920929,5,0.652642250061035,4.99923133850098
64.935000,-4.34345579147339,0.800000011920929,5,0.748594403266907,5.16377353668213
65.143125,1.65990912914276,0.800000011920929,5,1.11980807781219,5.06549119949341
65.351250,4.83832025527954,0.800000011920929,5,0.660817623138428,4.8714804649353
65.559375,-0.0719719901680946,0.800000011920929,5,0.706177115440369,4.99802732467651
65.767500,-4.96880006790161,0.800000011920929,5,0.630542397499084,5.01747179031372
65.975625,-1.95326662063599,0.800000011920929,5,0.996352910995483,5.18448114395142
66.183750,4.14950561523438,0.800000011920929,5,0.829596161842346,4.85595560073853
66.391875,3.32740092277527,0.800000011920929,5,0.640878677368164,5.03491926193237
66.600000,-3.04401350021362,0.800000011920929,5,0.711933135986328,4.86006927490234
66.808125,-4.56385850906372,0.800000011920929,5,0.710883855819702,5.18791723251343
67.016250,1.23233687877655,0.800000011920929,5,1.01056504249573,4.98017978668213
67.224375,4.90027189254761,0.800000011920929,5,0.767601490020752,4.8641209602356
67.432500,0.387038081884384,0.800000011920929,5,0.674704909324646,5.01260566711426
67.640625,-4.94215059280396,0.800000011920929,5,0.612348198890686,5.10580062866211
67.848750,-2.35728669166565,0.800000011920929,5,0.999324083328247,5.10283708572388
68.056875,3.97114062309265,0.800000011920929,5,0.828579664230347,4.92744445800781
68.265000,3.62297224998474,0.800000011920929,5,0.677627563476563,4.99761247634888
68.473125,-2.77895617485046,0.800000011920929,5,0.665875673294067,4.98975849151611
68.681250,-4.73904323577881,0.800000011920929,5,0.701287746429443,5.14327001571655
68.889375,0.875751376152039,0.800000011920929,5,1.02790856361389,5.08731365203857
69.097500,4.97811985015869,0.800000011920929,5,0.772143244743347,4.90528154373169
69.305625,0.741740643978119,0.800000011920929,5,0.601523518562317,5.01249933242798
69.513750,-4.7597541809082,0.800000011920929,5,0.679964661598206,5.01252126693726
69.721875,-2.77671718597412,0.800000011920929,5,0.922408103942871,5.21358060836792
69.930000,3.60042142868042,0.800000011920929,5,1.00872552394867,4.8903112411499
70.138125,3.89005541801453,0.800000011920929,5,0.597488164901733,4.95555257797241
70.346250,-2.29185509681702,0.800000011920929,5,0.760915279388428,4.9743480682373
70.554375,-4.85833597183228,0.800000011920929,5,0.588466167449951,5.17441034317017
70.762500,0.343939334154129,0.800000011920929,5,1.1086231470108,5.07244348526001
70.970625,4.95299482345581,0.800000011920929,5,0.74643087387085,4.87730693817139
71.178750,1.29212129116058,0.800000011920929,5,0.680765271186829,4.95849943161011
71.386875,-4.56122255325317,0.800000011920929,5,0.589830994606018,4.97407388687134
71.595000,-3.09965395927429,0.800000011920929,5,0.870922923088074,5.19619607925415
71.803125,3.3287558555603,0.800000011920929,5,1.07520198822021,4.91330814361572
72.011250,4.17381477355957,0.800000011920929,5,0.66042423248291,4.93433952331543
72.219375,-1.95765841007233,0.800000011920929,5,0.663517594337463,4.97921848297119
72.427500,-4.97640085220337,0.800000011920929,5,0.707736253738403,5.09358644485474
72.635625,-0.00921233184635639,0.800000011920929,5,0.959307312965393,5.05164527893066
72.843750,4.90614461898804,0.800000011920929,5,0.780067563056946,4.89871883392334
73.051875,1.66796469688416,0.800000011920929,5,0.69137978553772,4.99619579315186
73.260000,-4.29772233963013,0.800000011920929,5,0.65542072057724,4.95558929443359
73.468125,-3.43390965461731,0.800000011920929,5,0.811261296272278,5.21003675460815
73.676250,2.96814346313477,0.800000011920929,5,1.088099360466,4.94207286834717
73.884375,4.33704853057861,0.800000011920929,5,0.623329639434814,4.89945030212402
74.092500,-1.5584123134613,0.800000011920929,5,0.694625377655029,4.98735046386719
74.300625,-4.98295068740845,0.800000011920929,5,0.6473548412323,5.04314422607422
74.508750,-0.477260023355484,0.800000011920929,5,0.99009907245636,5.13011789321899
74.716875,4.74285078048706,0.800000011920929,5,0.768471717834473,4.85328912734985
74.925000,2.07858085632324,0.800000011920929,5,0.701583743095398,4.99841642379761
75.133125,-4.17523765563965,0.800000011920929,5,0.610010743141174,4.99717330932617
75.341250,-3.75985836982727,0.800000011920929,5,0.809623897075653,5.23504257202148
75.549375,2.57556986808777,0.800000011920929,5,1.08362221717834,4.93075180053711
75.757500,4.57933950424194,0.800000011920929,5,0.661813855171204,4.91909217834473
75.965625,-1.07639014720917,0.800000011920929,5,0.737798452377319,4.95588207244873
76.173750,-5.06056547164917,0.800000011920929,5,0.669635772705078,5.05248928070068
76.381875,-0.928633153438568,0.800000011920929,5,0.965244770050049,5.10634231567383
76.590000,4.64385557174683,0.800000011920929,5,0.810350596904755,4.86602401733398
76.798125,2.48204612731934,0.800000011920929,5,0.665989458560944,4.94871664047241
77.006250,-3.86001777648926,0.800000011920929,5,0.575334429740906,4.96742963790894
77.214375,-4.02878856658936,0.800000011920929,5,0.756139516830444,5.19908428192139
77.422500,2.23300695419312,0.800000011920929,5,1.08693337440491,5.03691673278809
77.630625,4.70807647705078,0.800000011920929,5,0.693519830703735,4.860182762146
77.838750,-0.751275360584259,0.800000011920929,5,0.639693975448608,5.02573871612549
78.046875,-5.0486478805542,0.800000011920929,5,0.637890815734863,5.0516300201416
78.255000,-1.34108877182007,0.800000011920929,5,0.973528385162354,5.14167642593384
78.463125,4.4664740562439,0.800000011920929,5,0.860826790332794,4.86776876449585
78.671250,2.83842897415161,0.800000011920929,5,0.612264275550842,5.00543975830078
78.879375,-3.46380615234375,0.800000011920929,5,0.735438525676727,4.94088363647461
79.087500,-4.26206493377686,0.800000011920929,5,0.729222536087036,5.19404745101929
79.295625,1.80095040798187,0.800000011920929,5,1.10781931877136,5.02724552154541
79.503750,4.82229089736938,0.800000011920929,5,0.672054052352905,4.88262271881104
79.711875,-0.194900706410408,0.800000011920929,5,0.708826065063477,5.00504970550537
79.920000,-5.04032230377197,0.800000011920929,5,0.627115845680237,5.09359788894653
80.128125,-1.84328866004944,0.800000011920929,5,1.01345610618591,5.11954498291016
80.336250,4.25236749649048,0.800000011920929,5,0.819232523441315,4.86999797821045
80.544375,3.19812655448914,0.800000011920929,5,0.691514134407043,4.97850513458252
80.752500,-3.27015686035156,0.800000011920929,5,0.637271285057068,4.99263048171997
80.960625,-4.5056471824646,0.800000011920929,5,0.742530941963196,5.16248273849487
81.168750,1.47802138328552,0.800000011920929,5,1.04026973247528,5.04874849319458
81.376875,4.918625831604,0.800000011920929,5,0.74047327041626,4.87667560577393
81.585000,0.190859898924828,0.800000011920929,5,0.629947543144226,4.97627639770508
81.793125,-4.94087934494019,0.800000011920929,5,0.652254700660706,5.04763650894165
82.001250,-2.16740846633911,0.800000011920929,5,0.907424449920654,5.17532730102539
82.209375,4.02049684524536,0.800000011920929,5,0.850355982780457,4.92382001876831
82.417500,3.5038058757782,0.800000011920929,5,0.634743452072144,4.98044347763062
82.625625,-2.84563064575195,0.800000011920929,5,0.68870735168457,4.97954893112183
82.833750,-4.65963220596313,0.800000011920929,5,0.658966541290283,5.14897632598877
83.041875,1.00676369667053,0.800000011920929,5,1.05083894729614,5.0629768371582
83.250000,4.91388130187988,0.800000011920929,5,0.730118274688721,4.83621120452881
83.458125,0.587385594844818,0.800000011920929,5,0.6722172498703,4.99121379852295
83.666250,-4.78289031982422,0.800000011920929,5,0.615529894828796,4.98328065872192
83.874375,-2.60270261764526,0.800000011920929,5,0.90422111749649,5.21300077438354
84.082500,3.71782469749451,0.800000011920929,5,1.05897986888885,4.85783243179321
84.290625,3.83002662658691,0.800000011920929,5,0.60779881477356,4.97554397583008
84.498750,-2.45247793197632,0.800000011920929,5,0.705712199211121,4.96777534484863
84.706875,-4.83393430709839,0.800000011920929,5,0.747528553009033,5.12720727920532
84.915000,0.540260255336761,0.800000011920929,5,1.04785180091858,5.05045604705811
85.123125,4.93733358383179,0.800000011920929,5,0.726805210113525,4.87628173828125
85.331250,1.08937609195709,0.800000011920929,5,0.695116519927979,4.93501424789429
85.539375,-4.64761400222778,0.800000011920929,5,0.578415155410767,5.00398397445679
85.747500,-2.95700907707214,0.800000011920929,5,0.922527551651001,5.17522859573364
85.955625,3.45617294311523,0.800000011920929,5,1.00346505641937,4.89315414428711
86.163750,4.0869927406311,0.800000011920929,5,0.641585946083069,4.96415281295776
86.371875,-2.08338618278503,0.800000011920929,5,0.696165084838867,4.96820163726807
86.580000,-4.94308185577393,0.800000011920929,5,0.704210519790649,5.09889125823975
86.788125,0.129582762718201,0.800000011920929,5,1.01493632793427,5.13485050201416
86.996250,4.8646674156189,0.800000011920929,5,0.851809978485107,4.81676959991455
87.204375,1.53169906139374,0.800000011920929,5,0.639287948608398,5.03848171234131
87.412500,-4.40638780593872,0.800000011920929,5,0.652846336364746,4.96906089782715
87.620625,-3.31613612174988,0.800000011920929,5,0.861810684204102,5.24282836914063
87.828750,3.03682947158813,0.800000011920929,5,1.13409900665283,4.9194507598877
88.036875,4.28215265274048,0.800000011920929,5,0.597394227981567,4.94868850708008
88.245000,-1.62785959243774,0.800000011920929,5,0.754384517669678,5.01758766174316
88.453125,-5.01582193374634,0.800000011920929,5,0.640926122665405,5.10681104660034
88.661250,-0.370819509029388,0.800000011920929,5,1.01753747463226,5.10409593582153
88.869375,4.8446478843689,0.800000011920929,5,0.770358562469482,4.88140344619751
89.077500,1.97533619403839,0.800000011920929,5,0.6999671459198,4.9779748916626
89.285625,-4.23421144485474,0.800000011920929,5,0.613589406013489,4.98937129974365
89.493750,-3.64956521987915,0.800000011920929,5,0.85123336315155,5.19183778762817
89.701875,2.79997801780701,0.800000011920929,5,1.0050938129425,4.98970985412598
89.910000,4.49021100997925,0.800000011920929,5,0.697381496429443,4.88927745819092
90.118125,-1.28491270542145,0.800000011920929,5,0.69957709312439,4.9829683303833
90.326250,-5.07058238983154,0.800000011920929,5,0.685041666030884,5.10190534591675
90.534375,-0.727121889591217,0.800000011920929,5,0.955817580223084,5.08121919631958
90.742500,4.67333555221558,0.800000011920929,5,0.867819666862488,4.86073923110962
90.950625,2.32190465927124,0.800000011920929,5,0.610440909862518,5.00515127182007
91.158750,-3.9422721862793,0.800000011920929,5,0.691845417022705,4.94197416305542
91.366875,-3.91887021064758,0.800000011920929,5,0.766392946243286,5.19824409484863
91.575000,2.34904503822327,0.800000011920929,5,1.10085952281952,4.95533227920532
91.783125,4.6649808883667,0.800000011920929,5,0.673317193984985,4.89883136749268
91.991250,-0.804129719734192,0.800000011920929,5,0.713736772537231,5.04932355880737
92.199375,-5.08490800857544,0.800000011920929,5,0.653822422027588,5.1029200553894
92.407500,-1.26179361343384,0.800000011920929,5,1.01802217960358,5.14370584487915
92.615625,4.50524473190308,0.800000011920929,5,0.771603047847748,4.85022068023682
92.823750,2.76211357116699,0.800000011920929,5,0.688128113746643,5.0220103263855
93.031875,-3.6585750579834,0.800000011920929,5,0.647511780261993,4.94177293777466
93.240000,-4.19511032104492,0.800000011920929,5,0.730497598648071,5.20072078704834
93.448125,1.96133673191071,0.800000011920929,5,1.08242619037628,4.99024248123169
93.656250,4.79610157012939,0.800000011920929,5,0.734090328216553,4.88778448104858
93.864375,-0.378802239894867,0.800000011920929,5,0.674352884292603,5.0280556678772
94.072500,-5.06220436096191,0.800000011920929,5,0.666147708892822,5.080397605896
94.280625,-1.63337862491608,0.800000011920929,5,0.94602769613266,5.12686395645142
94.488750,4.34526014328003,0.800000011920929,5,0.783848464488983,4.88828897476196
94.696875,3.07128739356995,0.800000011920929,5,0.665116310119629,4.91320848464966
94.905000,-3.36368870735168,0.800000011920929,5,0.639393329620361,4.97967052459717
95.113125,-4.42666006088257,0.800000011920929,5,0.740826725959778,5.15878582000732
95.321250,1.5996732711792,0.800000011920929,5,1.02770268917084,5.04792881011963
95.529375,4.86708688735962,0.800000011920929,5,0.7098708152771,4.85970306396484
95.737500,0.0562509782612324,0.800000011920929,5,0.72308886051178,5.00770092010498
95.945625,-4.9333233833313,0.800000011920929,5,0.654587149620056,5.02434158325195
96.153750,-2.04732322692871,0.800000011920929,5,0.91967386007309,5.22591018676758
96.361875,4.03269577026367,0.800000011920929,5,0.89016729593277,4.84505367279053
96.570000,3.44807744026184,0.800000011920929,5,0.64181911945343,5.00222110748291
96.778125,-2.89157819747925,0.800000011920929,5,0.756302714347839,4.92414474487305
96.986250,-4.63737297058105,0.800000011920929,5,0.705969333648682,5.17169570922852
97.194375,1.0725485086441,0.800000011920929,5,1.12712359428406,5.05750370025635
97.402500,4.9215669631958,0.800000011920929,5,0.708309412002563,4.89965486526489
97.610625,0.528740346431732,0.800000011920929,5,0.694570302963257,5.01726675033569
97.818750,-4.89700984954834,0.800000011920929,5,0.605268359184265,5.06258678436279
98.026875,-2.50255489349365,0.800000011920929,5,1.01056087017059,5.13947772979736
98.235000,3.87351036071777,0.800000011920929,5,0.955386161804199,4.87507057189941
98.443125,3.72552752494812,0.800000011920929,5,0.615784764289856,5.00378942489624
98.651250,-2.61484122276306,0.800000011920929,5,0.701889276504517,4.98161649703979
98.859375,-4.76389312744141,0.800000011920929,5,0.725755214691162,5.12523555755615
99.067500,0.715458452701569,0.800000011920929,5,0.997621297836304,5.07018709182739
99.275625,4.95713710784912,0.800000011920929,5,0.842655897140503,4.84541893005371
99.483750,0.896135151386261,0.800000011920929,5,0.657370448112488,4.974440574646
99.691875,-4.71009159088135,0.800000011920929,5,0.668179392814636,5.04361152648926
99.900000,-2.82930731773376,0.800000011920929,5,0.902380645275116,5.1886043548584
100.108125,3.51627421379089,0.800000011920929,5,1.06435263156891,4.88964891433716
100.316250,3.97692823410034,0.800000011920929,5,0.553591251373291,4.96494483947754
100.524375,-2.176349401474,0.800000011920929,5,0.761034488677979,4.98163557052612
100.732500,-4.90682220458984,0.800000011920929,5,0.650148868560791,5.1324987411499
100.940625,0.247668161988258,0.800000011920929,5,1.06334900856018,5.07903671264648
101.148750,4.91814947128296,0.800000011920929,5,0.757668733596802,4.86913013458252
101.356875,1.41550421714783,0.800000011920929,5,0.677520394325256,4.98665714263916
101.565000,-4.53219223022461,0.800000011920929,5,0.636821627616882,5.0049843788147
101.773125,-3.2340681552887,0.800000011920929,5,0.891006886959076,5.19123697280884
101.981250,3.20897459983826,0.800000011920929,5,0.998539447784424,4.88373804092407
102.189375,4.25717782974243,0.800000011920929,5,0.665727019309998,4.92337608337402
102.397500,-1.79939639568329,0.800000011920929,5,0.692594528198242,4.94638347625732
102.605625,-5.02100896835327,0.800000011920929,5,0.653004169464111,5.15233421325684
102.813750,-0.168481260538101,0.800000011920929,5,1.01192057132721,5.07534742355347
103.021875,4.88082981109619,0.800000011920929,5,0.725982308387756,4.90685606002808
103.230000,1.7625834941864,0.800000011920929,5,0.650822997093201,4.93858623504639
103.438125,-4.32628583908081,0.800000011920929,5,0.636249899864197,5.02596235275269
103.646250,-3.53162407875061,0.800000011920929,5,0.814004480838776,5.25364017486572
103.854375,2.88239884376526,0.800000011920929,5,1.04130947589874,4.95402336120605
104.062500,4.42269229888916,0.800000011920929,5,0.649840831756592,4.89033508300781
104.270625,-1.40837776660919,0.800000011920929,5,0.658115386962891,5.05824279785156
104.478750,-5.0613489151001,0.800000011920929,5,0.674902439117432,5.10171890258789
104.686875,-0.61158150434494,0.800000011920929,5,1.00346422195435,5.08608531951904
104.895000,4.70238208770752,0.800000011920929,5,0.840626955032349,4.84182167053223
105.103125,2.22195839881897,0.800000011920929,5,0.723198652267456,4.99938011169434
105.311250,-3.98801803588867,0.800000011920929,5,0.712499916553497,4.97319746017456
105.519375,-3.836350440979,0.800000011920929,5,0.760196447372437,5.23586511611938
105.727500,2.44910883903503,0.800000011920929,5,1.12206053733826,4.91630268096924
105.935625,4.63082933425903,0.800000011920929,5,0.614527463912964,4.94486999511719
106.143750,-0.944708049297333,0.800000011920929,5,0.684330463409424,4.96806240081787
106.351875,-5.09289598464966,0.800000011920929,5,0.636998176574707,5.09533786773682
106.560000,-1.0738080739975,0.800000011920929,5,1.01194226741791,5.07729721069336
106.768125,4.5935378074646,0.800000011920929,5,0.821518659591675,4.86323690414429
106.976250,2.61334609985352,0.800000011920929,5,0.719325363636017,4.9208459854126
107.184375,-3.76221299171448,0.800000011920929,5,0.625734329223633,4.97935342788696
107.392500,-4.09299612045288,0.800000011920929,5,0.82653796672821,5.15303802490234
107.600625,2.1237518787384,0.800000011920929,5,1.04868841171265,4.99968767166138
107.808750,4.73467016220093,0.800000011920929,5,0.656791687011719,4.86945915222168
108.016875,-0.555969774723053,0.800000011920929,5,0.678145170211792,5.02228832244873
108.225000,-5.04420757293701,0.800000011920929,5,0.725286483764648,5.05433368682861
108.433125,-1.47793650627136,0.800000011920929,5,0.911624670028687,5.14846277236938
108.641250,4.38714265823364,0.800000011920929,5,0.877778053283691,4.87831687927246
108.849375,2.98527526855469,0.800000011920929,5,0.63019984960556,5.03234243392944
109.057500,-3.39993190765381,0.800000011920929,5,0.772006928920746,4.98660898208618
109.265625,-4.31383609771729,0.800000011920929,5,0.696837067604065,5.20026350021362
109.473750,1.67474615573883,0.800000011920929,5,1.03459846973419,4.99732828140259
109.681875,4.85389566421509,0.800000011920929,5,0.714921474456787,4.91124534606934
109.890000,-0.0882356688380241,0.800000011920929,5,0.704590916633606,5.01016044616699
110.098125,-4.97229146957397,0.800000011920929,5,0.570442914962769,5.03127241134644
110.306250,-1.88011920452118,0.800000011920929,5,0.955115377902985,5.16907739639282
110.514375,4.18132877349854,0.800000011920929,5,0.82372123003006,4.85490083694458
110.722500,3.33113169670105,0.800000011920929,5,0.65873122215271,4.98899269104004
110.930625,-3.10360836982727,0.800000011920929,5,0.669908285140991,4.97876071929932
111.138750,-4.54974842071533,0.800000011920929,5,0.738345265388489,5.11683130264282
111.346875,1.31702327728271,0.800000011920929,5,0.992260456085205,5.04077005386353
111.555000,4.92002820968628,0.800000011920929,5,0.739030361175537,4.87719821929932
111.763125,0.333850741386414,0.800000011920929,5,0.636027693748474,4.99963903427124
111.971250,-4.90932846069336,0.800000011920929,5,0.562013387680054,5.03982210159302
112.179375,-2.34367871284485,0.800000011920929,5,0.94823145866394,5.15761947631836
112.387500,3.96004796028137,0.800000011920929,5,0.852225720882416,4.91541433334351
112.595625,3.62777853012085,0.800000011920929,5,0.660533845424652,4.96499156951904
112.803750,-2.66053128242493,0.800000011920929,5,0.741701602935791,4.96533870697021
113.011875,-4.7116527557373,0.800000011920929,5,0.658251523971558,5.10241222381592
113.220000,0.871410191059113,0.800000011920929,5,1.08439612388611,5.09775257110596
113.428125,4.93005514144897,0.800000011920929,5,0.768785715103149,4.83780002593994
113.636250,0.7985480427742,0.800000011920929,5,0.627113819122314,4.97766256332397
113.844375,-4.75085115432739,0.800000011920929,5,0.632594108581543,5.01018238067627
114.052500,-2.74201893806458,0.800000011920929,5,0.914905488491058,5.20312976837158
114.260625,3.60128331184387,0.800000011920929,5,1.03907513618469,4.88285350799561
114.468750,3.87838315963745,0.800000011920929,5,0.662165641784668,4.91151571273804
114.676875,-2.31689476966858,0.800000011920929,5,0.721049427986145,5.01982307434082
114.885000,-4.90228700637817,0.800000011920929,5,0.697887420654297,5.19402694702148
115.093125,0.408417612314224,0.800000011920929,5,1.0431649684906,5.05450868606567
115.301250,4.90707397460938,0.800000011920929,5,0.682284832000732,4.87423086166382
115.509375,1.26554834842682,0.800000011920929,5,0.740804553031921,4.95703315734863
115.717500,-4.62358522415161,0.800000011920929,5,0.570282697677612,5.00999450683594
115.925625,-3.1110897064209,0.800000011920929,5,0.917922675609589,5.1295166015625
116.133750,3.335364818573,0.800000011920929,5,1.01957035064697,4.85029602050781
116.341875,4.20539712905884,0.800000011920929,5,0.661636829376221,5.01025772094727
116.550000,-1.97161269187927,0.800000011920929,5,0.650155544281006,5.0051326751709
116.758125,-4.95928764343262,0.800000011920929,5,0.73214316368103,5.09050941467285
116.966250,-0.0144994733855128,0.800000011920929,5,0.989520907402039,5.1251335144043
117.174375,4.85665988922119,0.800000011920929,5,0.780991911888123,4.84034204483032
117.382500,1.63386070728302,0.800000011920929,5,0.661583721637726,5.05186223983765
117.590625,-4.35506248474121,0.800000011920929,5,0.619537472724915,4.96463012695313
117.798750,-3.41280937194824,0.800000011920929,5,0.78757232427597,5.19045257568359
118.006875,2.96258068084717,0.800000011920929,5,1.07820665836334,4.91742944717407
118.215000,4.37130737304688,0.800000011920929,5,0.603430390357971,4.93844890594482
118.423125,-1.49503123760223,0.800000011920929,5,0.78028678894043,4.98405838012695
118.631250,-5.03711318969727,0.800000011920929,5,0.688317775726318,5.11304378509521
118.839375,-0.544261634349823,0.800000011920929,5,1.05482769012451,5.07303905487061
119.047500,4.77682685852051,0.800000011920929,5,0.807822704315186,4.86305236816406
119.255625,2.12051892280579,0.800000011920929,5,0.721190810203552,5.03940105438232
119.463750,-4.12447357177734,0.800000011920929,5,0.583205044269562,4.97181701660156
119.671875,-3.6914119720459,0.800000011920929,5,0.808554649353027,5.16514730453491
119.880000,2.62065315246582,0.800000011920929,5,1.04631102085114,4.96319055557251
120.088125,4.54241752624512,0.800000011920929,5,0.668177366256714,4.8571982383728
120.296250,-1.13268792629242,0.800000011920929,5,0.683963298797607,4.95605182647705
120.504375,-5.09260034561157,0.800000011920929,5,0.702195405960083,5.095458984375
120.712500,-0.883061826229095,0.800000011920929,5,0.982429504394531,5.10189723968506
120.920625,4.65651607513428,0.800000011920929,5,0.837714970111847,4.88926553726196
121.128750,2.47236251831055,0.800000011920929,5,0.636519968509674,5.02583265304565
121.336875,-3.86631512641907,0.800000011920929,5,0.669269800186157,4.97878694534302
121.545000,-4.02124214172363,0.800000011920929,5,0.776171803474426,5.20771741867065
121.753125,2.23013663291931,0.800000011920929,5,1.08137083053589,5.02330160140991
121.961250,4.69095468521118,0.800000011920929,5,0.66995644569397,4.86743450164795
122.169375,-0.685240983963013,0.800000011920929,5,0.720170497894287,5.04641342163086
122.377500,-5.05574560165405,0.800000011920929,5,0.614332914352417,5.07943534851074
122.585625,-1.38137471675873,0.800000011920929,5,1.03912711143494,5.15459632873535
122.793750,4.40843534469604,0.800000011920929,5,0.819571554660797,4.84341716766357
123.001875,2.82062268257141,0.800000011920929,5,0.60780942440033,4.98004055023193
123.210000,-3.51569390296936,0.800000011920929,5,0.712095260620117,4.94562244415283
123.418125,-4.28044033050537,0.800000011920929,5,0.747136950492859,5.18746471405029
123.626250,1.80777454376221,0.800000011920929,5,1.02620303630829,4.95400953292847
123.834375,4.80118989944458,0.800000011920929,5,0.702775001525879,4.83652257919312
124.042500,-0.22749188542366,0.800000011920929,5,0.679058074951172,4.9743013381958
124.250625,-5.08976697921753,0.800000011920929,5,0.659348487854004,5.10750818252563
124.458750,-1.78578972816467,0.800000011920929,5,0.999025344848633,5.09766340255737
124.666875,4.30296182632446,0.800000011920929,5,0.748308300971985,4.93431568145752
124.875000,3.20112538337708,0.800000011920929,5,0.692430377006531,4.94788646697998
125.083125,-3.23682236671448,0.800000011920929,5,0.651590466499329,4.98213338851929
125.291250,-4.47788190841675,0.800000011920929,5,0.695120573043823,5.17441558837891
125.499375,1.44849479198456,0.800000011920929,5,1.06141984462738,5.04611682891846
125.707500,4.86601495742798,0.800000011920929,5,0.752667665481567,4.83775043487549
125.915625,0.145351216197014,0.800000011920929,5,0.597777247428894,5.028639793396
126.123750,-4.9707555770874,0.800000011920929,5,0.682375311851501,5.0622181892395
126.331875,-2.19249725341797,0.800000011920929,5,0.899408340454102,5.24921846389771
126.540000,3.96199703216553,0.800000011920929,5,0.872263133525848,4.82864427566528
126.748125,3.57395339012146,0.800000011920929,5,0.649438798427582,5.01974391937256
126.956250,-2.83997654914856,0.800000011920929,5,0.732355237007141,4.96725225448608
127.164375,-4.70406341552734,0.800000011920929,5,0.681883811950684,5.20695829391479
127.372500,0.937419772148132,0.800000011920929,5,1.11253428459167,5.06568145751953
127.580625,4.92978000640869,0.800000011920929,5,0.683068990707397,4.85005712509155
127.788750,0.682730257511139,0.800000011920929,5,0.74299943447113,4.95873069763184
127.996875,-4.80514621734619,0.800000011920929,5,0.644820213317871,5.01419258117676
128.205000,-2.6363320350647,0.800000011920929,5,0.955612659454346,5.16090059280396
128.413125,3.74807333946228,0.800000011920929,5,1.0131870508194,4.87747812271118
128.621250,3.83777356147766,0.800000011920929,5,0.681066155433655,4.93512296676636
128.829375,-2.54158735275269,0.800000011920929,5,0.60708475112915,5.00832223892212
129.037500,-4.82932615280151,0.800000011920929,5,0.768258333206177,5.09608936309814
129.245625,0.606630325317383,0.800000011920929,5,0.968904733657837,5.06882381439209
129.453750,4.93225765228271,0.800000011920929,5,0.770315885543823,4.85167169570923
129.661875,1.07567811012268,0.800000011920929,5,0.660886287689209,5.00400447845459
129.870000,-4.63666820526123,0.800000011920929,5,0.622393250465393,5.0102105140686
130.078125,-2.94813942909241,0.800000011920929,5,0.905614137649536,5.18683862686157
130.286250,3.42601633071899,0.800000011920929,5,1.06439995765686,4.90997648239136
130.494375,4.0524435043335,0.800000011920929,5,0.604712724685669,4.94692373275757
130.702500,-2.08396673202515,0.800000011920929,5,0.752420544624329,5.02681398391724
130.910625,-4.90514373779297,0.800000011920929,5,0.656748056411743,5.10613918304443
131.118750,0.0846347063779831,0.800000011920929,5,0.995876550674438,5.09746265411377
131.326875,4.87032604217529,0.800000011920929,5,0.734480738639832,4.81547403335571
131.535000,1.49312090873718,0.800000011920929,5,0.645635724067688,5.00697612762451
131.743125,-4.40732574462891,0.800000011920929,5,0.568917095661163,4.9716739654541
131.951250,-3.33030080795288,0.800000011920929,5,0.866601288318634,5.23500728607178
132.159375,3.06727814674377,0.800000011920929,5,1.04876971244812,4.87082481384277
132.367500,4.30776786804199,0.800000011920929,5,0.668001890182495,4.94081497192383
132.575625,-1.67837822437286,0.800000011920929,5,0.683341503143311,4.96417236328125
132.783750,-5.05252552032471,0.800000011920929,5,0.66315221786499,5.12441539764404
132.991875,-0.289147049188614,0.800000011920929,5,1.00958716869354,5.05360841751099
133.200000,4.81715965270996,0.800000011920929,5,0.806185960769653,4.89960479736328
133.408125,1.92654848098755,0.800000011920929,5,0.656703948974609,4.93959617614746
133.616250,-4.2252197265625,0.800000011920929,5,0.655804634094238,4.98577308654785
133.824375,-3.62342548370361,0.800000011920929,5,0.870089828968048,5.16044473648071
134.032500,2.76710200309753,0.800000011920929,5,1.06868147850037,4.97874164581299
134.240625,4.450364112854,0.800000011920929,5,0.681217193603516,4.85596179962158
134.448750,-1.28409171104431,0.800000011920929,5,0.675678491592407,5.037841796875
134.656875,-5.02454519271851,0.800000011920929,5,0.641430854797363,5.0647611618042
134.865000,-0.739277780056,0.800000011920929,5,0.98278534412384,5.14898872375488
135.073125,4.66134214401245,0.800000011920929,5,0.851757347583771,4.87501525878906
135.281250,2.3174421787262,0.800000011920929,5,0.617179393768311,5.04283285140991
135.489375,-3.91879844665527,0.800000011920929,5,0.701205432415009,4.95626449584961
135.697500,-3.93772864341736,0.800000011920929,5,0.770313858985901,5.22427988052368
135.905625,2.30649733543396,0.800000011920929,5,1.14611804485321,4.89543199539185
136.113750,4.68076324462891,0.800000011920929,5,0.673909664154053,4.88070869445801
136.321875,-0.772063851356506,0.800000011920929,5,0.709180355072021,4.96742153167725
136.530000,-5.10810089111328,0.800000011920929,5,0.631321430206299,5.08386659622192
136.738125,-1.25707399845123,0.800000011920929,5,1.03735387325287,5.09854364395142
136.946250,4.53977823257446,0.800000011920929,5,0.767065823078156,4.8836989402771
137.154375,2.71601605415344,0.800000011920929,5,0.711748659610748,4.98160600662231
137.362500,-3.65772843360901,0.800000011920929,5,0.624704957008362,4.97416210174561
137.570625,-4.17792177200317,0.800000011920929,5,0.759246110916138,5.17382383346558
137.778750,2.02777934074402,0.800000011920929,5,1.03676617145538,5.00616550445557
137.986875,4.78614091873169,0.800000011920929,5,0.68021559715271,4.86895084381104
138.195000,-0.428858280181885,0.800000011920929,5,0.655298233032227,5.00364589691162
138.403125,-5.06172370910645,0.800000011920929,5,0.667847037315369,5.05226850509644
138.611250,-1.6285537481308,0.800000011920929,5,0.955254733562469,5.18345022201538
138.819375,4.30792760848999,0.800000011920929,5,0.894798636436462,4.8811936378479
139.027500,3.09749889373779,0.800000011920929,5,0.640906095504761,5.02898359298706
139.235625,-3.29324626922607,0.800000011920929,5,0.690514266490936,4.97525310516357
139.443750,-4.38603639602661,0.800000011920929,5,0.7094966173172,5.17522573471069
139.651875,1.55294179916382,0.800000011920929,5,1.11514377593994,5.06322860717773
139.860000,4.84456205368042,0.800000011920929,5,0.664104700088501,4.85454893112183
140.068125,0.111848823726177,0.800000011920929,5,0.716107487678528,4.96509075164795
140.276250,-4.95308399200439,0.800000011920929,5,0.601381182670593,4.99671792984009
140.484375,-2.10466885566711,0.800000011920929,5,0.971360683441162,5.17862701416016
140.692500,4.10233020782471,0.800000011920929,5,0.823129653930664,4.85946035385132
140.900625,3.45751929283142,0.800000011920929,5,0.656273543834686,5.00797462463379
141.108750,-2.97829842567444,0.800000011920929,5,0.631878137588501,4.95419025421143
141.316875,-4.56821489334106,0.800000011920929,5,0.66425633430481,5.1393895149231
141.525000,1.13871276378632,0.800000011920929,5,1.0239999294281,5.00857973098755
141.733125,4.93321084976196,0.800000011920929,5,0.758073925971985,4.85309886932373
141.941250,0.46794918179512,0.800000011920929,5,0.651776075363159,4.97023677825928
142.149375,-4.85881519317627,0.800000011920929,5,0.612346053123474,5.05858850479126
142.357500,-2.43350148200989,0.800000011920929,5,0.930276215076447,5.13870811462402
142.565625,3.84968686103821,0.800000011920929,5,0.997784018516541,4.88904142379761
142.773750,3.70706129074097,0.800000011920929,5,0.561497867107391,4.95511722564697
142.981875,-2.62169408798218,0.800000011920929,5,0.752539873123169,5.00930118560791
143.190000,-4.76627492904663,0.800000011920929,5,0.683504819869995,5.11908435821533
143.398125,0.715688228607178,0.800000011920929,5,0.986502647399902,5.08106994628906
143.606250,4.92615413665771,0.800000011920929,5,0.782110929489136,4.85191011428833
143.814375,0.921818852424622,0.800000011920929,5,0.659663438796997,4.99685716629028
144.022500,-4.67800521850586,0.800000011920929,5,0.627996146678925,5.0166072845459
144.230625,-2.84957265853882,0.800000011920929,5,0.923745393753052,5.18962430953979
144.438750,3.5140426158905,0.800000011920929,5,1.02127385139465,4.85804271697998
144.646875,3.9292049407959,0.800000011920929,5,0.620090961456299,4.97775220870972
144.855000,-2.18368434906006,0.800000011920929,5,0.731955766677856,4.94816970825195
145.063125,-4.90093517303467,0.800000011920929,5,0.644879102706909,5.13254737854004
145.271250,0.272349148988724,0.800000011920929,5,1.04242360591888,5.02478361129761
145.479375,4.91268062591553,0.800000011920929,5,0.836538672447205,4.85862493515015
145.687500,1.38553988933563,0.800000011920929,5,0.651928305625916,4.99919557571411
145.895625,-4.51849508285522,0.800000011920929,5,0.644432842731476,4.98623561859131
146.103750,-3.20995378494263,0.800000011920929,5,0.885719954967499,5.18636608123779
146.311875,3.22822260856628,0.800000011920929,5,0.99470180273056,4.92772626876831
146.520000,4.22681140899658,0.800000011920929,5,0.656719446182251,4.91861200332642
146.728125,-1.85285425186157,0.800000011920929,5,0.650004148483276,4.99007892608643
146.936250,-4.99269866943359,0.800000011920929,5,0.679489135742188,5.08295679092407
147.144375,-0.109804101288319,0.800000011920929,5,0.971036553382874,5.12904644012451
147.352500,4.8195161819458,0.800000011920929,5,0.795687437057495,4.85568475723267
147.560625,1.77955460548401,0.800000011920929,5,0.690033257007599,4.99361181259155
147.768750,-4.25329685211182,0.800000011920929,5,0.722005128860474,4.95579624176025
147.976875,-3.52583599090576,0.800000011920929,5,0.799674510955811,5.23448467254639
148.185000,2.87270879745483,0.800000011920929,5,1.10434257984161,4.95655632019043
148.393125,4.43738842010498,0.800000011920929,5,0.614612817764282,4.92445087432861
148.601250,-1.35695469379425,0.800000011920929,5,0.712152242660522,4.98203277587891
148.809375,-5.06204843521118,0.800000011920929,5,0.661827325820923,5.10686063766479
149.017500,-0.653761386871338,0.800000011920929,5,1.04024934768677,5.09912490844727
149.225625,4.6919002532959,0.800000011920929,5,0.765547215938568,4.81012964248657
149.433750,2.25207757949829,0.800000011920929,5,0.715946733951569,5.04175996780396
149.641875,-4.10460662841797,0.800000011920929,5,0.578966856002808,4.99636507034302
149.850000,-3.8637158870697,0.800000011920929,5,0.87542986869812,5.21497678756714
150.058125,2.51630735397339,0.800000011920929,5,1.05209767818451,4.98466205596924
150.266250,4.58622741699219,0.800000011920929,5,0.629338979721069,4.90270519256592
150.474375,-1.00711691379547,0.800000011920929,5,0.677669048309326,4.96224594116211
150.682500,-5.09766864776611,0.800000011920929,5,0.70209264755249,5.09448051452637
150.890625,-1.05738794803619,0.800000011920929,5,0.941186189651489,5.1265926361084
151.098750,4.62717914581299,0.800000011920929,5,0.842276215553284,4.89579629898071
151.306875,2.56829214096069,0.800000011920929,5,0.622276842594147,5.00742053985596
151.515000,-3.75866627693176,0.800000011920929,5,0.619279503822327,4.9741678237915
151.723125,-4.07947731018066,0.800000011920929,5,0.719093799591064,5.19962549209595
151.931250,2.08591341972351,0.800000011920929,5,1.11493492126465,5.04821300506592
152.139375,4.71231698989868,0.800000011920929,5,0.662703514099121,4.83883190155029
152.347500,-0.543193399906158,0.800000011920929,5,0.689025640487671,5.05539798736572
152.555625,-5.04021072387695,0.800000011920929,5,0.616481423377991,5.04672336578369
152.763750,-1.52057611942291,0.800000011920929,5,0.970583438873291,5.17963409423828
152.971875,4.39213228225708,0.800000011920929,5,0.846207797527313,4.86979389190674
153.180000,2.96928095817566,0.800000011920929,5,0.605202734470367,5.00851821899414
153.388125,-3.40277028083801,0.800000011920929,5,0.696904838085175,4.92280244827271
153.596250,-4.38337326049805,0.800000011920929,5,0.749233365058899,5.22063159942627
153.804375,1.67579579353333,0.800000011920929,5,1.04956781864166,4.98539209365845
154.012500,4.83695363998413,0.800000011920929,5,0.722509145736694,4.84971237182617
154.220625,-0.0985680893063545,0.800000011920929,5,0.66404390335083,5.00043296813965
154.428750,-5.02860355377197,0.800000011920929,5,0.620001912117004,5.08974266052246
154.636875,-1.86976003646851,0.800000011920929,5,0.956961691379547,5.12373018264771
154.845000,4.23165655136108,0.800000011920929,5,0.812347412109375,4.90177345275879
155.053125,3.25594472885132,0.800000011920929,5,0.598177194595337,4.94801044464111
155.261250,-3.10871887207031,0.800000011920929,5,0.704229831695557,4.98313140869141
155.469375,-4.54781866073608,0.800000011920929,5,0.747242212295532,5.1556715965271
155.677500,1.31219744682312,0.800000011920929,5,1.0422534942627,5.04895210266113
155.885625,4.89339542388916,0.800000011920929,5,0.731058835983276,4.83323574066162
156.093750,0.325869113206863,0.800000011920929,5,0.639974355697632,5.07156801223755
156.301875,-4.88739395141602,0.800000011920929,5,0.643706440925598,5.04661893844604
156.510000,-2.37211728096008,0.800000011920929,5,0.943296790122986,5.17334461212158
156.718125,3.89498472213745,0.800000011920929,5,0.842307567596436,4.84897804260254
156.926250,3.64688396453857,0.800000011920929,5,0.667397499084473,4.98659563064575
157.134375,-2.67905902862549,0.800000011920929,5,0.748116016387939,4.98046779632568
157.342500,-4.72971725463867,0.800000011920929,5,0.622770309448242,5.2028341293335
157.550625,0.822360992431641,0.800000011920929,5,1.10900115966797,5.05818796157837
157.758750,4.90264797210693,0.800000011920929,5,0.722136497497559,4.8373818397522
157.966875,0.827876031398773,0.800000011920929,5,0.695261716842651,5.00749063491821
158.175000,-4.75519275665283,0.800000011920929,5,0.620990037918091,5.03204345703125
158.383125,-2.73632645606995,0.800000011920929,5,0.968484699726105,5.1244330406189
158.591250,3.6478214263916,0.800000011920929,5,0.983272790908813,4.92043304443359
158.799375,3.91278314590454,0.800000011920929,5,0.681563496589661,4.9265923500061
159.007500,-2.39716196060181,0.800000011920929,5,0.681477665901184,5.01596736907959
159.215625,-4.87396812438965,0.800000011920929,5,0.751767158508301,5.09787178039551
159.423750,0.465004563331604,0.800000011920929,5,1.00144505500793,5.10727596282959
159.631875,4.89590406417847,0.800000011920929,5,0.762686371803284,4.84861516952515
159.840000,1.16281306743622,0.800000011920929,5,0.635664820671082,5.00060844421387
160.048125,-4.56658124923706,0.800000011920929,5,0.645082831382751,4.98816251754761
160.256250,-3.08568096160889,0.800000011920929,5,0.8675537109375,5.20816421508789
160.464375,3.26117205619812,0.800000011920929,5,1.14294898509979,4.92629194259644
160.672500,4.11167335510254,0.800000011920929,5,0.601995706558228,4.89580917358398
160.880625,-1.92072176933289,0.800000011920929,5,0.673628330230713,4.97617769241333
161.088750,-4.99209499359131,0.800000011920929,5,0.685511827468872,5.12968349456787
161.296875,-0.0454353019595146,0.800000011920929,5,1.02740061283112,5.10116577148438
161.505000,4.88545894622803,0.800000011920929,5,0.786970376968384,4.88266706466675
161.713125,1.69016551971436,0.800000011920929,5,0.716264426708221,4.98910427093506
161.921250,-4.39782953262329,0.800000011920929,5,0.597344815731049,4.97998666763306
162.129375,-3.46213221549988,0.800000011920929,5,0.916500687599182,5.21768760681152
162.337500,2.99571776390076,0.800000011920929,5,1.0674010515213,4.94765901565552
162.545625,4.37955331802368,0.800000011920929,5,0.622614026069641,4.93053722381592
162.753750,-1.55312860012054,0.800000011920929,5,0.699711561203003,4.99757051467896
162.961875,-5.05231904983521,0.800000011920929,5,0.659658908843994,5.13120698928833
163.170000,-0.411320239305496,0.800000011920929,5,0.932295918464661,5.09861707687378
163.378125,4.74479198455811,0.800000011920929,5,0.809378385543823,4.85729551315308
163.586250,2.0551323890686,0.800000011920929,5,0.646545171737671,4.98160743713379
163.794375,-4.18829107284546,0.800000011920929,5,0.560736417770386,5.02047109603882
164.002500,-3.7199649810791,0.800000011920929,5,0.794862031936646,5.20881366729736
164.210625,2.58324837684631,0.800000011920929,5,1.09813666343689,4.95643520355225
164.418750,4.53053092956543,0.800000011920929,5,0.614856719970703,4.86504220962524
164.626875,-1.09232664108276,0.800000011920929,5,0.692379951477051,4.99707174301147
164.835000,-5.05851125717163,0.800000011920929,5,0.654343128204346,5.08146572113037
165.043125,-0.905395805835724,0.800000011920929,5,1.00843322277069,5.154296875
165.251250,4.62546634674072,0.800000011920929,5,0.835393726825714,4.86951112747192
165.459375,2.4864649772644,0.800000011920929,5,0.67352306842804,5.00685358047485
165.667500,-3.82124710083008,0.800000011920929,5,0.71435010433197,4.94418478012085
165.875625,-4.05794382095337,0.800000011920929,5,0.792385697364807,5.21822118759155
166.083750,2.18352723121643,0.800000011920929,5,1.08259344100952,4.98398494720459
166.291875,4.69274139404297,0.800000011920929,5,0.689716815948486,4.88233375549316
166.500000,-0.652580559253693,0.800000011920929,5,0.685866117477417,4.91696453094482
166.708125,-5.09025049209595,0.800000011920929,5,0.625674486160278,5.09973239898682
166.916250,-1.38444030284882,0.800000011920929,5,1.02639353275299,5.12192344665527
167.124375,4.48856401443481,0.800000011920929,5,0.803068518638611,4.89243173599243
167.332500,2.84247922897339,0.800000011920929,5,0.70448887348175,4.98936748504639
167.540625,-3.58911943435669,0.800000011920929,5,0.651392877101898,5.01648855209351
167.748750,-4.2423939704895,0.800000011920929,5,0.723931789398193,5.19288492202759
167.956875,1.86466085910797,0.800000011920929,5,1.01233887672424,5.01461696624756
168.165000,4.85174894332886,0.800000011920929,5,0.781378984451294,4.89783096313477
168.373125,-0.287845373153687,0.800000011920929,5,0.618566751480103,5.06617307662964
168.581250,-5.05635690689087,0.800000011920929,5,0.719067215919495,5.07011032104492
168.789375,-1.7785177230835,0.800000011920929,5,0.962674498558044,5.19872951507568
168.997500,4.22710800170898,0.800000011920929,5,0.81115996837616,4.88642024993896
169.205625,3.18436527252197,0.800000011920929,5,0.645003199577332,5.05153322219849
169.413750,-3.1453173160553,0.800000011920929,5,0.72478973865509,4.9366192817688
169.621875,-4.49833393096924,0.800000011920929,5,0.674976468086243,5.20745468139648
169.830000,1.36143136024475,0.800000011920929,5,1.13334989547729,4.99619388580322
170.038125,4.8781852722168,0.800000011920929,5,0.689444541931152,4.88029909133911
170.246250,0.268247812986374,0.800000011920929,5,0.712871551513672,4.98630619049072
170.454375,-4.94422960281372,0.800000011920929,5,0.611345171928406,5.0521936416626
170.662500,-2.23687028884888,0.800000011920929,5,0.96967625617981,5.16830492019653
170.870625,3.99502396583557,0.800000011920929,5,0.859931945800781,4.84661865234375
171.078750,3.48706197738647,0.800000011920929,5,0.656392455101013,4.94146108627319
171.286875,-2.90095710754395,0.800000011920929,5,0.639835715293884,4.98284482955933
171.495000,-4.6976752281189,0.800000011920929,5,0.789719462394714,5.1503586769104
171.703125,1.03167819976807,0.800000011920929,5,1.01330137252808,5.06995487213135
171.911250,4.94356966018677,0.800000011920929,5,0.737337350845337,4.86993408203125
172.119375,0.652177631855011,0.800000011920929,5,0.684804201126099,5.01375150680542
172.327500,-4.80774354934692,0.800000011920929,5,0.650114059448242,5.0275616645813
172.535625,-2.55865216255188,0.800000011920929,5,0.866823077201843,5.20579385757446
172.743750,3.71455359458923,0.800000011920929,5,1.05795788764954,4.84933710098267
172.951875,3.79171061515808,0.800000011920929,5,0.627378344535828,4.96157455444336
173.160000,-2.46271562576294,0.800000011920929,5,0.701382040977478,4.94257926940918
173.368125,-4.83075284957886,0.800000011920929,5,0.661779880523682,5.16533422470093
173.576250,0.535742163658142,0.800000011920929,5,1.03421926498413,5.06111574172974
173.784375,4.89624977111816,0.800000011920929,5,0.781523704528809,4.87332153320313
173.992500,1.11903643608093,0.800000011920929,5,0.715583205223084,4.96086311340332
174.200625,-4.66371154785156,0.800000011920929,5,0.603980720043182,5.00942468643188
174.408750,-3.03106904029846,0.800000011920929,5,0.968286752700806,5.25011157989502
174.616875,3.40624451637268,0.800000011920929,5,1.03356885910034,4.85811519622803
174.825000,4.05319547653198,0.800000011920929,5,0.600068092346191,4.93559503555298
175.033125,-2.11684727668762,0.800000011920929,5,0.661571860313416,4.93510818481445
175.241250,-4.98154830932617,0.800000011920929,5,0.736233234405518,5.13246154785156
175.449375,0.144438460469246,0.800000011920929,5,0.96563184261322,5.09119319915771
175.657500,4.89602422714233,0.800000011920929,5,0.805244088172913,4.84797286987305
175.865625,1.48623359203339,0.800000011920929,5,0.634380578994751,4.99421787261963
176.073750,-4.48386716842651,0.800000011920929,5,0.581707715988159,5.03966856002808
176.281875,-3.31948590278625,0.800000011920929,5,0.892100751399994,5.1790189743042
176.490000,3.10662961006165,0.800000011920929,5,1.08526146411896,4.97522497177124
176.698125,4.25815629959106,0.800000011920929,5,0.637913823127747,4.89317512512207
176.906250,-1.68426370620728,0.800000011920929,5,0.752975463867188,4.9817910194397
177.114375,-5.0278172492981,0.800000011920929,5,0.648592233657837,5.11513233184814
177.322500,-0.340706288814545,0.800000011920929,5,1.01848304271698,5.11573314666748
177.530625,4.77311754226685,0.800000011920929,5,0.775909662246704,4.8138427734375
177.738750,1.95225942134857,0.800000011920929,5,0.669120371341705,4.9908275604248
177.946875,-4.22299098968506,0.800000011920929,5,0.631325483322144,4.99264907836914
178.155000,-3.64867186546326,0.800000011920929,5,0.855825841426849,5.21164321899414
178.363125,2.69249677658081,0.800000011920929,5,1.04410600662231,4.92090845108032
178.571250,4.45450210571289,0.800000011920929,5,0.673913717269897,4.8388147354126
178.779375,-1.26548516750336,0.800000011920929,5,0.658768653869629,4.92399406433105
178.987500,-5.10064649581909,0.800000011920929,5,0.685227155685425,5.14979934692383
179.195625,-0.740973472595215,0.800000011920929,5,0.982065677642822,5.07907104492188
179.403750,4.71212863922119,0.800000011920929,5,0.797533988952637,4.8758659362793
179.611875,2.31306672096252,0.800000011920929,5,0.681409955024719,4.98923397064209
179.820000,-3.99966311454773,0.800000011920929,5,0.650493741035461,5.00913858413696
180.028125,-3.93184614181519,0.800000011920929,5,0.758979201316834,5.21966075897217
180.236250,2.38831734657288,0.800000011920929,5,1.09729313850403,4.99776124954224
180.444375,4.67092275619507,0.800000011920929,5,0.677234411239624,4.89260244369507
180.652500,-0.888898909091949,0.800000011920929,5,0.618415355682373,5.05236625671387
180.860625,-5.06374073028564,0.800000011920929,5,0.712670803070068,5.0483570098877
181.068750,-1.19568395614624,0.800000011920929,5,0.950793743133545,5.19772863388062
181.276875,4.49384307861328,0.800000011920929,5,0.810498476028442,4.85418748855591
181.485000,2.69051432609558,0.800000011920929,5,0.643264651298523,4.96124649047852
181.693125,-3.63272738456726,0.800000011920929,5,0.683714330196381,4.97657918930054
181.901250,-4.22499179840088,0.800000011920929,5,0.715580821037292,5.24973726272583
182.109375,1.92953336238861,0.800000011920929,5,1.13795149326324,5.00417423248291
182.317500,4.77407646179199,0.800000011920929,5,0.654788494110107,4.88240242004395
182.525625,-0.351493716239929,0.800000011920929,5,0.759585857391357,4.9581184387207
182.733750,-5.06580018997192,0.800000011920929,5,0.632263660430908,5.08250284194946
182.941875,-1.63496565818787,0.800000011920929,5,0.948802471160889,5.12411308288574
183.150000,4.36201143264771,0.800000011920929,5,0.810811519622803,4.87853336334229
183.358125,3.11745595932007,0.800000011920929,5,0.731498956680298,4.96268606185913
183.566250,-3.35627579689026,0.800000011920929,5,0.610434591770172,5.01441192626953
183.774375,-4.39194631576538,0.800000011920929,5,0.750673055648804,5.16905117034912
183.982500,1.6008620262146,0.800000011920929,5,1.05165457725525,5.04706192016602
184.190625,4.89008808135986,0.800000011920929,5,0.710943460464478,4.86374759674072
184.398750,-0.00566676771268249,0.800000011920929,5,0.628504157066345,5.00174570083618
184.606875,-4.98843145370483,0.800000011920929,5,0.627448320388794,5.07969570159912
184.815000,-2.03424263000488,0.800000011920929,5,0.948666453361511,5.1602349281311
185.023125,4.0923285484314,0.800000011920929,5,0.912355542182922,4.88850212097168
185.231250,3.39657044410706,0.800000011920929,5,0.615791797637939,4.99571466445923
185.439375,-2.9490213394165,0.800000011920929,5,0.760463356971741,4.95822668075562
185.647500,-4.60034132003784,0.800000011920929,5,0.711900353431702,5.16244602203369
185.855625,1.10732531547546,0.800000011920929,5,1.09548997879028,5.0565881729126
186.063750,4.89085960388184,0.800000011920929,5,0.722774982452393,4.84002923965454
186.271875,0.483405441045761,0.800000011920929,5,0.695504426956177,4.94832706451416
186.480000,-4.880042552948,0.800000011920929,5,0.544835329055786,5.02377033233643
186.688125,-2.47311329841614,0.800000011920929,5,0.971251249313354,5.17647838592529
186.896250,3.83190417289734,0.800000011920929,5,0.994373857975006,4.85049200057983
187.104375,3.72746968269348,0.800000011920929,5,0.651809811592102,4.96108102798462
187.312500,-2.64373326301575,0.800000011920929,5,0.672586917877197,5.0159068107605
187.520625,-4.78194141387939,0.800000011920929,5,0.698126077651978,5.15754175186157
187.728750,0.740019023418427,0.800000011920929,5,0.969418048858643,5.09312152862549
187.936875,4.94751453399658,0.800000011920929,5,0.764373064041138,4.87851285934448
188.145000,0.86573451757431,0.800000011920929,5,0.5944904088974,4.99460315704346
188.353125,-4.72074556350708,0.800000011920929,5,0.627720355987549,5.01803112030029
188.561250,-2.82170462608337,0.800000011920929,5,0.869902789592743,5.19811630249023
188.769375,3.54120135307312,0.800000011920929,5,1.03949952125549,4.91842365264893
188.977500,3.94169473648071,0.800000011920929,5,0.618416666984558,4.93299341201782
189.185625,-2.21577978134155,0.800000011920929,5,0.745956063270569,5.03862380981445
189.393750,-4.90414142608643,0.800000011920929,5,0.636749744415283,5.13384580612183
189.601875,0.287929475307465,0.800000011920929,5,1.05590105056763,5.12199974060059
189.810000,4.83493709564209,0.800000011920929,5,0.750822186470032,4.78640460968018
190.018125,1.393963098526,0.800000011920929,5,0.664187073707581,5.00613594055176
190.226250,-4.48615455627441,0.800000011920929,5,0.657985508441925,4.96122741699219
190.434375,-3.20374131202698,0.800000011920929,5,0.859266817569733,5.22275257110596
190.642500,3.17082548141479,0.800000011920929,5,1.02702713012695,4.8374195098877
190.850625,4.1897554397583,0.800000011920929,5,0.630446672439575,4.90938663482666
191.058750,-1.8502562046051,0.800000011920929,5,0.650840282440186,4.96103143692017
191.266875,-5.01447534561157,0.800000011920929,5,0.656916618347168,5.14088535308838
191.475000,-0.164776191115379,0.800000011920929,5,1.00938665866852,5.06657218933105
191.683125,4.86760759353638,0.800000011920929,5,0.735940337181091,4.88666105270386
191.891250,1.78374850749969,0.800000011920929,5,0.678250849246979,4.96843481063843
192.099375,-4.34254312515259,0.800000011920929,5,0.604936838150024,5.02143669128418
192.307500,-3.53133201599121,0.800000011920929,5,0.831143260002136,5.13414192199707
192.515625,2.88531613349915,0.800000011920929,5,1.0716038942337,4.94352197647095
192.723750,4.41379404067993,0.800000011920929,5,0.641234993934631,4.90909385681152
192.931875,-1.43486571311951,0.800000011920929,5,0.659243106842041,5.03777122497559
193.140000,-5.05861377716064,0.800000011920929,5,0.76904821395874,5.08383941650391
193.348125,-0.603202044963837,0.800000011920929,5,0.980077981948853,5.14473104476929
193.556250,4.69729948043823,0.800000011920929,5,0.789497315883636,4.84294366836548
193.764375,2.22097969055176,0.800000011920929,5,0.701715886592865,5.04661560058594
193.972500,-4.01586866378784,0.800000011920929,5,0.635099709033966,4.95083999633789
194.180625,-3.88591933250427,0.800000011920929,5,0.825301945209503,5.24995136260986
194.388750,2.47242379188538,0.800000011920929,5,1.08465993404388,4.92555665969849
194.596875,4.55721044540405,0.800000011920929,5,0.602663516998291,4.89017868041992
194.805000,-0.954543948173523,0.800000011920929,5,0.720355987548828,5.00976705551147
195.013125,-5.09174776077271,0.800000011920929,5,0.699722051620483,5.1052417755127
195.221250,-1.08403134346008,0.800000011920929,5,0.96650493144989,5.10060358047485
195.429375,4.58236598968506,0.800000011920929,5,0.812892317771912,4.82762432098389
195.637500,2.59842824935913,0.800000011920929,5,0.665354251861572,4.96316528320313
195.845625,-3.7851254940033,0.800000011920929,5,0.593282103538513,4.98889255523682
196.053750,-4.11525869369507,0.800000011920929,5,0.826497077941895,5.18440818786621
196.261875,2.13917779922485,0.800000011920929,5,1.05885148048401,5.02002906799316
196.470000,4.72097110748291,0.800000011920929,5,0.699250459671021,4.87012624740601
196.678125,-0.549628257751465,0.800000011920929,5,0.671181678771973,5.01639938354492
196.886250,-5.0297966003418,0.800000011920929,5,0.665421724319458,5.05506563186646
197.094375,-1.49457085132599,0.800000011920929,5,0.972174763679504,5.17162704467773
197.302500,4.43694543838501,0.800000011920929,5,0.866076529026031,4.89444398880005
197.510625,2.94912266731262,0.800000011920929,5,0.604065418243408,4.98624658584595
197.718750,-3.39966988563538,0.800000011920929,5,0.730476081371307,4.94767808914185
197.926875,-4.32352733612061,0.800000011920929,5,0.688123226165771,5.18527269363403
198.135000,1.67044949531555,0.800000011920929,5,1.05691409111023,4.98348999023438
198.343125,4.81746768951416,0.800000011920929,5,0.708713293075562,4.84498977661133
198.551250,-0.0715521275997162,0.800000011920929,5,0.700700759887695,4.99614429473877
198.759375,-5.04947519302368,0.800000011920929,5,0.570388078689575,5.10432291030884
198.967500,-1.92574894428253,0.800000011920929,5,1.02323007583618,5.12173986434937
199.175625,4.20675563812256,0.800000011920929,5,0.796989440917969,4.87895536422729
199.383750,3.31462979316711,0.800000011920929,5,0.641752421855927,4.97321128845215
199.591875,-3.15312266349792,0.800000011920929,5,0.65437924861908,4.95270013809204
199.800000,-4.55870246887207,0.800000011920929,5,0.72683310508728,5.18406677246094
200.008125,1.26097440719604,0.800000011920929,5,1.0668580532074,4.99208641052246
200.216250,4.89807891845703,0.800000011920929,5,0.77479887008667,4.83429670333862
200.424375,0.276602447032928,0.800000011920929,5,0.589701056480408,5.01713180541992
200.632500,-4.90323257446289,0.800000011920929,5,0.685357928276062,5.04246950149536
200.840625,-2.32599997520447,0.800000011920929,5,0.931848287582397,5.19898319244385
201.048750,3.92991733551025,0.800000011920929,5,0.880478084087372,4.93140077590942
201.256875,3.58797883987427,0.800000011920929,5,0.630821526050568,4.99932765960693
201.465000,-2.71285629272461,0.800000011920929,5,0.705101132392883,4.95272541046143
201.673125,-4.72060298919678,0.800000011920929,5,0.632209539413452,5.18542289733887
201.881250,0.799492537975311,0.800000011920929,5,1.13877844810486,5.07168245315552
202.089375,4.94308185577393,0.800000011920929,5,0.687713384628296,4.87430715560913
202.297500,0.812053203582764,0.800000011920929,5,0.696848154067993,4.96452379226685
202.505625,-4.76213884353638,0.800000011920929,5,0.621144950389862,5.02619075775146
202.713750,-2.77446174621582,0.800000011920929,5,0.931559026241302,5.22889184951782
202.921875,3.63983082771301,0.800000011920929,5,0.995353698730469,4.87006664276123
203.130000,3.87895131111145,0.800000011920929,5,0.637521386146545,4.93933773040771
203.338125,-2.35466480255127,0.800000011920929,5,0.627339839935303,4.94734477996826
203.546250,-4.8890266418457,0.800000011920929,5,0.730804204940796,5.1366605758667
203.754375,0.466866165399551,0.800000011920929,5,1.00732612609863,5.06058692932129
203.962500,4.9387640953064,0.800000011920929,5,0.737482666969299,4.87868309020996
204.170625,1.18260085582733,0.800000011920929,5,0.656473278999329,4.9715404510498
204.378750,-4.58928442001343,0.800000011920929,5,0.616625547409058,4.99997615814209
204.586875,-3.08123230934143,0.800000011920929,5,0.849447131156921,5.1628589630127
204.795000,3.33782029151917,0.800000011920929,5,1.11624836921692,4.9477219581604
205.003125,4.10593748092651,0.800000011920929,5,0.636509537696838,4.91962385177612
205.211250,-1.9742671251297,0.800000011920929,5,0.683406114578247,5.01718950271606
205.419375,-4.92071342468262,0.800000011920929,5,0.681687355041504,5.07673072814941
205.627500,-0.0419675521552563,0.800000011920929,5,1.02630579471588,5.08957767486572
205.835625,4.86279296875,0.800000011920929,5,0.834726929664612,4.81721687316895
206.043750,1.66670048236847,0.800000011920929,5,0.663468480110168,5.01280546188354
206.251875,-4.37640237808228,0.800000011920929,5,0.5951247215271,4.97419452667236
206.460000,-3.47121500968933,0.800000011920929,5,0.884943306446075,5.23532390594482
206.668125,2.97355103492737,0.800000011920929,5,1.0773811340332,4.93925809860229
206.876250,4.36914587020874,0.800000011920929,5,0.637240529060364,4.89848709106445
207.084375,-1.54171872138977,0.800000011920929,5,0.696082830429077,4.99105262756348
207.292500,-5.06657743453979,0.800000011920929,5,0.667790174484253,5.11935043334961
207.500625,-0.495126038789749,0.800000011920929,5,0.988862037658691,5.08724975585938
207.708750,4.79113054275513,0.800000011920929,5,0.842045545578003,4.88379716873169
207.916875,2.05420684814453,0.800000011920929,5,0.650678098201752,4.97620010375977
