Time (microseconds),Controller.Theta,Theta_Aux_No_Use,Controller.Id,Controller.Iq
0.00,3.60306525230408,13701380,0.804169952869415,0.120955750346184
833.33,3.65453267097473,13841190,0.802918314933777,0.114242926239967
1666.67,3.73473978042603,14050905,0.796974182128906,0.120269536972046
2500.00,3.78726601600647,14190715,0.792225539684296,0.143778145313263
3333.33,3.8370041847229,14330525,0.794302523136139,0.142108157277107
4166.67,3.88735318183899,14470335,0.794547855854034,0.150941610336304
5000.00,3.93832731246948,14610145,0.795645534992218,0.15564538538456
5833.33,3.98811435699463,14749955,0.796982944011688,0.157031297683716
6666.67,4.03809881210327,14889765,0.800678312778473,0.145572781562805
7500.00,4.11854934692383,15099480,0.80204975605011,0.146617010235786
8333.33,4.17490482330322,15239290,0.804172337055206,0.14421671628952
9166.67,4.23008346557617,15379100,0.805132985115051,0.132014364004135
10000.00,4.28881454467773,15518910,0.789295852184296,0.137034147977829
10833.33,4.35120058059692,15658720,0.778732001781464,0.138207763433456
11666.67,4.4128246307373,15798530,0.773190379142761,0.136131674051285
12500.00,4.4734001159668,15938340,0.772257149219513,0.124639511108398
13333.33,4.56525230407715,16148055,0.763914823532104,0.12109163403511
14166.67,4.62299966812134,16287865,0.747573852539063,0.115996122360229
15000.00,4.67775011062622,16427675,0.743518590927124,0.107350826263428
15833.33,4.73174715042114,16567485,0.740889310836792,0.118492513895035
16666.67,4.78500843048096,16707295,0.740301370620728,0.128195822238922
17500.00,4.83580446243286,0,0.74213308095932,0.132765114307404
18333.33,4.88486242294312,139810,0.745650053024292,0.12553745508194
19166.67,4.9606409072876,349525,0.748297095298767,0.129954487085342
20000.00,5.01185750961304,489335,0.754161298274994,0.134257391095161
20833.33,5.06151962280273,629145,0.759758114814758,0.124389290809631
21666.67,5.11412286758423,768955,0.763814628124237,0.127424463629723
22500.00,5.16943454742432,908765,0.768144905567169,0.128144428133965
23333.33,5.22502613067627,1048575,0.772505164146423,0.127470076084137
24166.67,5.28193759918213,1188385,0.767544507980347,0.120897434651852
25000.00,5.37346887588501,1398100,0.757508397102356,0.126900762319565
25833.33,5.43422174453735,1537910,0.752366364002228,0.128837838768959
26666.67,5.49261951446533,1677720,0.755251407623291,0.117780111730099
27500.00,5.55191135406494,1817530,0.757251143455505,0.118784174323082
28333.33,5.61106300354004,1957340,0.759731829166412,0.118770740926266
29166.67,5.66711664199829,2097150,0.762354969978333,0.119082324206829
30000.00,5.72010231018066,2236960,0.765978813171387,0.110760986804962
30833.33,5.79718923568726,2446675,0.768930017948151,0.113193705677986
31666.67,5.84450674057007,2586485,0.773414134979248,0.115441307425499
32500.00,5.88881206512451,2726295,0.776652812957764,0.108645766973495
33333.33,5.93262100219727,2866105,0.779196321964264,0.114999830722809
34166.67,5.97657680511475,3005915,0.78236985206604,0.12098041176796
35000.00,6.01894521713257,3145725,0.784819960594177,0.127176553010941
35833.33,6.06069231033325,3285535,0.787958562374115,0.121897876262665
36666.67,6.12696027755737,3495250,0.790552377700806,0.128140985965729
37500.00,6.17124938964844,3635060,0.796583652496338,0.13274946808815
38333.33,6.2160120010376,3774870,0.796545922756195,0.119317531585693
39166.67,6.26398944854736,3914680,0.795376837253571,0.119866371154785
40000.00,6.31610727310181,4054490,0.79642128944397,0.121122539043427
40833.33,6.36910676956177,4194300,0.79967212677002,0.122334778308868
41666.67,6.42297983169556,4334110,0.803312838077545,0.114246219396591
42500.00,6.50962448120117,4543825,0.806759595870972,0.116539567708969
43333.33,6.56813383102417,4683635,0.817752003669739,0.120474949479103
44166.67,6.62475156784058,4823445,0.824227273464203,0.112787157297134
45000.00,6.68266820907593,4963255,0.829789459705353,0.116028666496277
45833.33,6.74104118347168,5103065,0.833712935447693,0.11793951690197
46666.67,6.79571485519409,5242875,0.834487736225128,0.120507068932056
47500.00,6.84722900390625,5382685,0.835583567619324,0.113871961832047
48333.33,6.92181348800659,5592400,0.835362732410431,0.118897959589958
49166.67,6.96820306777954,5732210,0.826753556728363,0.130970627069473
50000.00,0,5872020,0.822666049003601,0.128310739994049
50833.33,0.33111497759819,6011830,0.817171931266785,0.137572556734085
51666.67,0.528526961803436,6151640,0.808880507946014,0.135971531271935
52500.00,0.6679767370224,6291450,0.800549983978271,0.132428169250488
53333.33,0.774934113025665,6431260,0.796701371669769,0.121649071574211
54166.67,0.904047131538391,6640975,0.793799579143524,0.123707488179207
55000.00,0.97726845741272,6780785,0.795251071453094,0.127929493784904
55833.33,1.04226088523865,6920595,0.798880994319916,0.120071455836296
56666.67,1.10567903518677,7060405,0.803533911705017,0.123550355434418
57500.00,1.16793739795685,7200215,0.809293031692505,0.124367982149124
58333.33,1.22634887695313,7340025,0.815781235694885,0.124974370002747
59166.67,1.28222632408142,7479835,0.823163509368896,0.117566645145416
60000.00,1.36589932441711,7689550,0.831905245780945,0.120598644018173
60833.33,1.42024898529053,7829360,0.846197247505188,0.122615486383438
61666.67,1.4707328081131,7969170,0.85387647151947,0.112878710031509
62500.00,1.52163052558899,8108980,0.670979976654053,0.547805309295654
63333.33,1.57124269008636,8248790,0.764541864395142,0.40726238489151
64166.67,1.61767816543579,8388600,0.803842782974243,0.31651508808136
65000.00,1.66227400302887,8528410,0.824534058570862,0.249878913164139
65833.33,1.73018538951874,8738125,0.831301212310791,0.216832548379898
66666.67,1.77574777603149,8877935,0.83539867401123,0.187815755605698
67500.00,1.82004594802856,9017745,0.839258968830109,0.164785712957382
68333.33,1.86716413497925,9157555,0.838250458240509,0.161825910210609
69166.67,1.91678607463837,9297365,0.838493406772614,0.160046696662903
70000.00,1.96686613559723,9437175,0.841798603534698,0.156933337450027
70833.33,2.01857423782349,9576985,0.84682297706604,0.144374042749405
71666.67,2.10348081588745,9786700,0.850370049476624,0.145636066794395
72500.00,2.16200113296509,9926510,0.857527673244476,0.145255848765373
73333.33,2.22066307067871,10066320,0.86318701505661,0.132643222808838
74166.67,2.28505206108093,10206130,0.872687697410584,0.130209177732468
75000.00,2.35103511810303,10345940,0.883848309516907,0.125359877943993
75833.33,2.41320490837097,10485750,0.891068279743195,0.123053640127182
76666.67,2.47162127494812,10625560,0.895337700843811,0.113097719848156
77500.00,2.55327248573303,10835275,0.898481488227844,0.113076984882355
78333.33,2.60196995735168,10975085,0.898821234703064,0.119397237896919
79166.67,2.64683198928833,11114895,0.902166545391083,0.115119501948357
80000.00,2.69089841842651,11254705,0.89990758895874,0.124435067176819
80833.33,2.73481702804565,11394515,0.894564211368561,0.13287889957428
81666.67,2.77687907218933,11534325,0.882489740848541,0.130276501178741
82500.00,2.81823873519897,11674135,0.872190535068512,0.120856076478958
83333.33,2.88427877426147,11883850,0.856602191925049,0.126546740531921
84166.67,2.92914295196533,12023660,0.835174143314362,0.136041969060898
85000.00,2.97553157806396,12163470,0.829022169113159,0.129326194524765
85833.33,3.02621459960938,12303280,0.820776343345642,0.135370492935181
86666.67,3.08134865760803,12443090,0.815585851669312,0.139250934123993
87500.00,3.13696098327637,12582900,0.813263535499573,0.141422420740128
88333.33,3.19345450401306,12722710,0.814080953598022,0.132901459932327
89166.67,3.2854380607605,12932425,0.8130943775177,0.135899871587753
90000.00,3.34705853462219,13072235,0.807223796844482,0.142069935798645
90833.33,3.40749835968018,13212045,0.807229518890381,0.132632046937943
91666.67,3.46881294250488,13351855,0.805252611637115,0.139589384198189
92500.00,3.52965354919434,13491665,0.806100070476532,0.152051508426666
93333.33,3.58695983886719,13631475,0.807586193084717,0.147210955619812
94166.67,3.64198303222656,13771285,0.809776067733765,0.133715331554413
95000.00,3.72456169128418,13981000,0.808736741542816,0.133595988154411
95833.33,3.77669787406921,14120810,0.803509175777435,0.133561104536057
96666.67,3.82385015487671,14260620,0.801478266716003,0.124123841524124
97500.00,3.86912751197815,14400430,0.795523345470428,0.12823885679245
98333.33,3.91370797157288,14540240,0.789087176322937,0.132856786251068
99166.67,3.95677757263184,14680050,0.783786654472351,0.136557579040527
100000.00,4.00046920776367,14819860,0.781952798366547,0.129102349281311
100833.33,4.0722131729126,15029575,0.778513312339783,0.134755432605743
101666.67,4.12342357635498,15169385,0.777295589447021,0.13762991130352
102500.00,4.17443513870239,15309195,0.779243230819702,0.127112746238708
103333.33,4.22946405410767,15449005,0.779420912265778,0.12812614440918
104166.67,4.28817892074585,15588815,0.773797988891602,0.125464767217636
105000.00,4.3467755317688,15728625,0.769443035125732,0.124659925699234
105833.33,4.40528535842896,15868435,0.768505692481995,0.115182250738144
106666.67,4.49629640579224,16078150,0.766436696052551,0.118746697902679
107500.00,4.55567646026611,16217960,0.762044787406921,0.120474576950073
108333.33,4.61022806167603,16357770,0.760659575462341,0.112269878387451
109166.67,4.66492414474487,16497580,0.757679402828217,0.1155686378479
110000.00,4.71853017807007,16637390,0.762340545654297,0.112487852573395
110833.33,4.76583957672119,16777200,0.769109964370728,0.107350081205368
111666.67,4.80965805053711,69905,0.772054314613342,0.0992399156093597
112500.00,4.87706565856934,279620,0.772471845149994,0.104214757680893
113333.33,4.92474746704102,419430,0.777003228664398,0.104883402585983
114166.67,4.97269010543823,559240,0.778197169303894,0.10098859667778
115000.00,5.02581787109375,699050,0.775032460689545,0.110889345407486
115833.33,5.08383893966675,838860,0.772985458374023,0.11993233859539
116666.67,5.14288187026978,978670,0.770861446857452,0.127674430608749
117500.00,5.20420455932617,1118480,0.769349932670593,0.124200239777565
118333.33,5.30414867401123,1328195,0.760503649711609,0.134613320231438
119166.67,5.37056016921997,1468005,0.755046725273132,0.141094326972961
120000.00,5.43390893936157,1607815,0.757188379764557,0.130073428153992
120833.33,5.49786996841431,1747625,0.759071946144104,0.134000033140182
121666.67,5.56091117858887,1887435,0.762615382671356,0.135538101196289
122500.00,5.61990165710449,2027245,0.766516029834747,0.137157574295998
123333.33,5.67599439620972,2167055,0.771039366722107,0.128576010465622
124166.67,5.75841426849365,2376770,0.774362921714783,0.13176417350769
125000.00,5.80991840362549,2516580,0.777327299118042,0.135518223047256
125833.33,5.85857677459717,2656390,0.77984744310379,0.127492666244507
126666.67,5.90691137313843,2796200,0.781032502651215,0.13353967666626
127500.00,5.95607042312622,2936010,0.781888663768768,0.137851923704147
128333.33,6.00296258926392,3075820,0.783399879932404,0.141296565532684
129166.67,6.04783058166504,3215630,0.786254048347473,0.133472979068756
130000.00,6.10983753204346,3425345,0.788241147994995,0.139397829771042
130833.33,6.14802932739258,3565155,0.793427467346191,0.145442247390747
131666.67,6.18560791015625,3704965,0.800484180450439,0.136817276477814
132500.00,6.22601413726807,3844775,0.808463096618652,0.141045928001404
133333.33,6.27017021179199,3984585,0.817484736442566,0.142643481492996
134166.67,6.31562757492065,4124395,0.826414704322815,0.142845153808594
135000.00,6.36315298080444,4264205,0.836929023265839,0.132132023572922
135833.33,6.44205474853516,4473920,0.847855925559998,0.132365316152573
136666.67,6.49548959732056,4613730,0.859817385673523,0.129354387521744
137500.00,6.54833936691284,4753540,0.866583585739136,0.119242742657661
138333.33,6.60253810882568,4893350,0.871575355529785,0.121367812156677
139166.67,6.65756559371948,5033160,0.874857842922211,0.122958853840828
140000.00,6.71033382415771,5172970,0.876999616622925,0.125180348753929
140833.33,6.76160573959351,5312780,0.878865957260132,0.118361704051495
141666.67,6.83974552154541,5522495,0.876991927623749,0.121041148900986
142500.00,6.89021158218384,5662305,0.870802044868469,0.124636374413967
143333.33,6.93835544586182,5802115,0.867744088172913,0.118222653865814
144166.67,6.98714733123779,5941925,0.861114323139191,0.124373190104961
145000.00,0.199526891112328,6081735,0.8553107380867,0.130147144198418
145833.33,0.447114735841751,6221545,0.851094126701355,0.135534897446632
146666.67,0.611559450626373,6361355,0.850558578968048,0.129733473062515
147500.00,0.787730991840363,6571070,0.849263608455658,0.136181578040123
148333.33,0.877551436424255,6710880,0.851960241794586,0.143647953867912
149166.67,0.952887296676636,6850690,0.856484651565552,0.137388750910759
150000.00,1.02268743515015,6990500,0.860206604003906,0.141313374042511
150833.33,1.08797788619995,7130310,0.865684866905212,0.142021268606186
151666.67,1.14777195453644,7270120,0.863662362098694,0.143778741359711
152500.00,1.20463371276855,7409930,0.865030646324158,0.13418772816658
153333.33,1.28814375400543,7619645,0.865318655967712,0.136083155870438
154166.67,1.3412172794342,7759455,0.865285396575928,0.13689461350441
155000.00,1.390465259552,7899265,0.859681725502014,0.123630881309509
155833.33,1.43935585021973,8039075,0.661039113998413,0.548827826976776
156666.67,1.48875463008881,8178885,0.749412655830383,0.403549075126648
157500.00,1.53682625293732,8318695,0.784448981285095,0.31220069527626
158333.33,1.58419549465179,8458505,0.803625822067261,0.244831889867783
159166.67,1.65757572650909,8668220,0.808331489562988,0.210266649723053
160000.00,1.70574951171875,8808030,0.81159919500351,0.182263642549515
160833.33,1.75369715690613,8947840,0.816836178302765,0.157944545149803
161666.67,1.80401802062988,9087650,0.821226358413696,0.147653892636299
162500.00,1.85705804824829,9227460,0.8247110247612,0.141651347279549
163333.33,1.91032147407532,9367270,0.828672647476196,0.138210460543633
164166.67,1.96484529972076,9507080,0.833141088485718,0.126106381416321
165000.00,2.05325818061829,9716795,0.836791396141052,0.126182183623314
165833.33,2.11329746246338,9856605,0.842203676700592,0.126485779881477
166666.67,2.17173957824707,9996415,0.845774412155151,0.116603747010231
167500.00,2.23179745674133,10136225,0.847222685813904,0.121159002184868
168333.33,2.29176330566406,10276035,0.848908603191376,0.12513293325901
169166.67,2.34865427017212,10415845,0.851069450378418,0.128162622451782
170000.00,2.40350794792175,10555655,0.854104399681091,0.120641589164734
170833.33,2.48568439483643,10765370,0.855831265449524,0.125132441520691
171666.67,2.53815674781799,10905180,0.856784403324127,0.127609401941299
172500.00,2.58843612670898,11044990,0.856082141399384,0.117561712861061
173333.33,2.63860845565796,11184800,0.851570308208466,0.121999740600586
174166.67,2.68843364715576,11324610,0.847275793552399,0.126247987151146
175000.00,2.73618865013123,11464420,0.838737368583679,0.129523783922195
175833.33,2.78375172615051,11604230,0.831674933433533,0.122048616409302
176666.67,2.8583242893219,11813945,0.82105553150177,0.128528833389282
177500.00,2.90734028816223,11953755,0.805704832077026,0.127805560827255
178333.33,2.95656108856201,12093565,0.797097444534302,0.113913029432297
179166.67,3.00889325141907,12233375,0.786254286766052,0.115797340869904
180000.00,3.06399178504944,12373185,0.779543042182922,0.119629114866257
180833.33,3.11859512329102,12512995,0.775859713554382,0.123028635978699
181666.67,3.17277383804321,12652805,0.777218103408813,0.118096202611923
182500.00,3.25764226913452,12862520,0.77854311466217,0.125760525465012
183333.33,3.31342434883118,13002330,0.783633947372437,0.132793933153152
184166.67,3.36856198310852,13142140,0.788646459579468,0.124628335237503
185000.00,3.42499685287476,13281950,0.793134927749634,0.127578765153885
185833.33,3.48150396347046,13421760,0.796502947807312,0.128497138619423
186666.67,3.535151720047,13561570,0.799491882324219,0.128555566072464
187500.00,3.5869140625,13701380,0.802612543106079,0.119465097784996
188333.33,3.66513705253601,13911095,0.803636133670807,0.122806295752525
189166.67,3.71516489982605,14050905,0.803189814090729,0.129855424165726
190000.00,3.76305627822876,14190715,0.802316784858704,0.124240323901176
190833.33,3.81226372718811,14330525,0.798820912837982,0.13328617811203
191666.67,3.86276865005493,14470335,0.793402493000031,0.145197242498398
192500.00,3.91230654716492,14610145,0.786500871181488,0.154583483934402
193333.33,3.96197414398193,14749955,0.785775184631348,0.147808104753494
194166.67,4.04092884063721,14959670,0.784185469150543,0.152466014027596
195000.00,4.09489345550537,15099480,0.796308934688568,0.159602239727974
195833.33,4.14826440811157,15239290,0.804351687431335,0.147943705320358
196666.67,4.20578002929688,15379100,0.811582684516907,0.146213471889496
197500.00,4.26626110076904,15518910,0.817192792892456,0.141926914453506
198333.33,4.32644176483154,15658720,0.820164442062378,0.136852502822876
199166.67,4.38636636734009,15798530,0.822342038154602,0.123938471078873
200000.00,4.47936630249023,16008245,0.820936679840088,0.123491287231445
200833.33,4.54077625274658,16148055,0.818809390068054,0.126400411128998
201666.67,4.59819221496582,16287865,0.821150422096252,0.117713779211044
202500.00,4.65646886825562,16427675,0.822120547294617,0.121904730796814
203333.33,4.71464252471924,16567485,0.824419260025024,0.124915271997452
204166.67,4.77037000656128,16707295,0.808505654335022,0.124810427427292
205000.00,4.82639265060425,0,0.79884922504425,0.117412835359573
205833.33,4.91373300552368,209715,0.785316050052643,0.122347354888916
206666.67,4.97170972824097,349525,0.769899666309357,0.130486249923706
207500.00,5.02641820907593,489335,0.766656816005707,0.123892217874527
208333.33,5.08241558074951,629145,0.760693073272705,0.130914628505707
209166.67,5.13887405395508,768955,0.757784128189087,0.135129809379578
210000.00,5.19338798522949,908765,0.746907413005829,0.138723522424698
210833.33,5.24744701385498,1048575,0.743967652320862,0.131597176194191
211666.67,5.33209657669067,1258290,0.741224527359009,0.13478048145771
212500.00,5.38859558105469,1398100,0.745940625667572,0.133911639451981
213333.33,5.44334745407104,1537910,0.756304919719696,0.122676536440849
214166.67,5.49994611740112,1677720,0.767977237701416,0.125420302152634
215000.00,5.55690240859985,1817530,0.779124319553375,0.115716926753521
215833.33,5.60995292663574,1957340,0.788509845733643,0.107894606888294
216666.67,5.65966129302979,2097150,0.796898186206818,0.0990142747759819
217500.00,5.73203706741333,2306865,0.80324000120163,0.103255748748779
218333.33,5.77678632736206,2446675,0.806566715240479,0.108003586530685
219166.67,5.81811618804932,2586485,0.805926501750946,0.0976694822311401
220000.00,5.85939502716064,2726295,0.800706088542938,0.102976515889168
220833.33,5.90143489837646,2866105,0.795200884342194,0.112207382917404
221666.67,5.94442939758301,3005915,0.790634632110596,0.124040603637695
222500.00,5.99043607711792,3145725,0.789656102657318,0.124800086021423
223333.33,6.06568288803101,3355440,0.787301599979401,0.138838887214661
224166.67,6.11575126647949,3495250,0.788733601570129,0.153327524662018
225000.00,6.16563653945923,3635060,0.793835461139679,0.146111816167831
225833.33,6.21772241592407,3774870,0.799864053726196,0.152775675058365
226666.67,6.2714958190918,3914680,0.808119058609009,0.15792578458786
227500.00,6.32424116134644,4054490,0.819046854972839,0.157826900482178
228333.33,6.37712049484253,4194300,0.829377174377441,0.14528352022171
229166.67,6.46119356155396,4404015,0.839615821838379,0.14472821354866
230000.00,6.51675271987915,4543825,0.851352035999298,0.141218900680542
230833.33,6.57105112075806,4683635,0.857448399066925,0.128324821591377
231666.67,6.62667179107666,4823445,0.861884236335754,0.128770798444748
232500.00,6.6832914352417,4963255,0.867131888866425,0.138978064060211
233333.33,6.73712396621704,5103065,0.871943950653076,0.143192708492279
234166.67,6.78827667236328,5242875,0.877387344837189,0.132648944854736
235000.00,6.86334991455078,5452590,0.88076514005661,0.133612871170044
235833.33,6.91158151626587,5592400,0.876888036727905,0.134294658899307
236666.67,6.95733642578125,5732210,0.874948918819427,0.125123530626297
237500.00,0,5872020,0.871481359004974,0.128130584955215
238333.33,0.32883358001709,6011830,0.867385625839233,0.129821434617043
239166.67,0.523111879825592,6151640,0.8628910779953,0.130966156721115
240000.00,0.661296010017395,6291450,0.861823976039886,0.123169578611851
240833.33,0.817601263523102,6501165,0.856052398681641,0.131116181612015
241666.67,0.901589334011078,6640975,0.856392443180084,0.137216404080391
242500.00,0.973994672298431,6780785,0.860283017158508,0.12881888449192
243333.33,1.0428923368454,6920595,0.86320286989212,0.131690084934235
244166.67,1.10971939563751,7060405,0.867050647735596,0.132100403308868
245000.00,1.1721408367157,7200215,0.883296132087708,0.138652890920639
245833.33,1.22969925403595,7340025,0.897739887237549,0.131503164768219
246666.67,1.31177413463593,7549740,0.911096036434174,0.134024918079376
247500.00,1.36384165287018,7689550,0.919691026210785,0.133799463510513
248333.33,1.41236233711243,7829360,0.92249196767807,0.12261489033699
249166.67,1.46144914627075,7969170,0.607698440551758,0.701809823513031
250000.00,1.51159656047821,8108980,0.774202644824982,0.50336080789566
250833.33,1.5595725774765,8248790,0.833447694778442,0.381310015916824
251666.67,1.60619461536407,8388600,0.862760245800018,0.294005542993546
252500.00,1.68007433414459,8598315,0.870079696178436,0.246012389659882
253333.33,1.7314213514328,8738125,0.867474019527435,0.203415989875793
254166.67,1.78015148639679,8877935,0.867293477058411,0.177053332328796
255000.00,1.83086085319519,9017745,0.862051010131836,0.170061990618706
255833.33,1.88354098796844,9157555,0.857902646064758,0.165468096733093
256666.67,1.93514406681061,9297365,0.855383038520813,0.162185981869698
257500.00,1.98696076869965,9437175,0.856264054775238,0.14796806871891
258333.33,2.06989741325378,9646890,0.855795443058014,0.146665453910828
259166.67,2.12630248069763,9786700,0.857256352901459,0.142715960741043
260000.00,2.18072295188904,9926510,0.859954297542572,0.128290265798569
260833.33,2.23635053634644,10066320,0.860699772834778,0.128217548131943
261666.67,2.29243159294128,10206130,0.86132025718689,0.128755524754524
262500.00,2.34622359275818,10345940,0.860683560371399,0.129235133528709
263333.33,2.39959192276001,10485750,0.860139846801758,0.119139328598976
264166.67,2.48173904418945,10695465,0.856853306293488,0.119426786899567
265000.00,2.53434729576111,10835275,0.85251921415329,0.119882643222809
265833.33,2.58481121063232,10975085,0.854124963283539,0.111446887254715
266666.67,2.6353166103363,11114895,0.859993040561676,0.117761641740799
267500.00,2.6855034828186,11254705,0.862740159034729,0.12297311425209
268333.33,2.73312568664551,11394515,0.862635374069214,0.127554893493652
269166.67,2.77983450889587,11534325,0.865093767642975,0.127336353063583
270000.00,2.85352993011475,11744040,0.865440368652344,0.137764155864716
270833.33,2.90257549285889,11883850,0.863960742950439,0.145984888076782
271666.67,2.95168995857239,12023660,0.864126920700073,0.136534005403519
272500.00,3.00340485572815,12163470,0.861451625823975,0.14068877696991
273333.33,3.05764174461365,12303280,0.857168912887573,0.142911225557327
274166.67,3.11126184463501,12443090,0.854103088378906,0.142713367938995
275000.00,3.16530084609985,12582900,0.854704856872559,0.131239235401154
275833.33,3.25125765800476,12792615,0.852457284927368,0.131310045719147
276666.67,3.30780601501465,12932425,0.847782969474792,0.128233313560486
277500.00,3.36293768882751,13072235,0.846219122409821,0.116358071565628
278333.33,3.41911721229553,13212045,0.840917527675629,0.115710973739624
279166.67,3.47605919837952,13351855,0.836305737495422,0.116979956626892
280000.00,3.53218269348145,13491665,0.831754684448242,0.118733420968056
280833.33,3.58964014053345,13631475,0.82916122674942,0.112890034914017
281666.67,3.67964673042297,13841190,0.822652816772461,0.119637504220009
282500.00,3.73798322677612,13981000,0.810721516609192,0.130156993865967
283333.33,3.79250812530518,14120810,0.807385325431824,0.127287596464157
284166.67,3.84589028358459,14260620,0.801439821720123,0.137425288558006
285000.00,3.89858341217041,14400430,0.797417104244232,0.14516843855381
285833.33,3.94840502738953,14540240,0.794407963752747,0.150663539767265
286666.67,3.9967303276062,14680050,0.79520046710968,0.143232941627502
287500.00,4.0715503692627,14889765,0.794590353965759,0.14822781085968
288333.33,4.12252998352051,15029575,0.796964168548584,0.151181653141975
289166.67,4.17266416549683,15169385,0.80758410692215,0.14633809030056
290000.00,4.22762823104858,15309195,0.818682014942169,0.152381896972656
290833.33,4.28705596923828,15449005,0.828651249408722,0.152110353112221
291666.67,4.34616565704346,15588815,0.83637410402298,0.148515343666077
292500.00,4.40433502197266,15728625,0.842289566993713,0.134826987981796
293333.33,4.48838806152344,15938340,0.846557378768921,0.13359397649765
294166.67,4.54287624359131,16078150,0.848846793174744,0.126786768436432
295000.00,4.5926685333252,16217960,0.849225997924805,0.114388823509216
295833.33,4.64238166809082,16357770,0.845360934734344,0.105598360300064
296666.67,4.69181537628174,16497580,0.838409602642059,0.101440072059631
297500.00,4.73888397216797,16637390,0.82867956161499,0.10231614112854
298333.33,4.78502655029297,16777200,0.820049822330475,0.0967085063457489
299166.67,4.8574104309082,139810,0.805400609970093,0.0992270112037659
300000.00,4.90701675415039,279620,0.780707955360413,0.11185947060585
300833.33,4.95550298690796,419430,0.768105566501617,0.112208217382431
301666.67,5.00759887695313,559240,0.749334633350372,0.129082605242729
302500.00,5.06311416625977,699050,0.736338436603546,0.140685081481934
303333.33,5.11891412734985,838860,0.729884505271912,0.147739410400391
304166.67,5.17642498016357,978670,0.729835629463196,0.1430853754282
305000.00,5.27279758453369,1188385,0.730081081390381,0.150816097855568
305833.33,5.33817291259766,1328195,0.737186193466187,0.152991071343422
306666.67,5.40312910079956,1468005,0.745051383972168,0.139752700924873
307500.00,5.46939516067505,1607815,0.749815285205841,0.140651643276215
308333.33,5.53198671340942,1747625,0.754033744335175,0.139784589409828
309166.67,5.58815431594849,1887435,0.760936260223389,0.137742221355438
310000.00,5.64012050628662,2027245,0.768338203430176,0.12615230679512
310833.33,5.71429252624512,2236960,0.775840222835541,0.124991163611412
311666.67,5.75816059112549,2376770,0.786422431468964,0.121659815311432
312500.00,5.79835510253906,2516580,0.791079759597778,0.111884251236916
313333.33,5.83889961242676,2656390,0.790391445159912,0.119565293192863
314166.67,5.88029003143311,2796200,0.789257824420929,0.128541231155396
315000.00,5.92026090621948,2936010,0.789647936820984,0.134316593408585
315833.33,5.95948886871338,3075820,0.791705071926117,0.127439111471176
316666.67,6.02175521850586,3285535,0.792909502983093,0.1323002576828
317500.00,6.06363773345947,3425345,0.79532265663147,0.137548983097076
318333.33,6.10668611526489,3565155,0.798324942588806,0.128951460123062
319166.67,6.15364027023315,3704965,0.800113379955292,0.132798731327057
320000.00,6.203857421875,3844775,0.801430463790894,0.134721964597702
320833.33,6.2544116973877,3984585,0.804461002349854,0.134632021188736
321666.67,6.30635786056519,4124395,0.809287965297699,0.125808209180832
322500.00,6.39103078842163,4334110,0.814244270324707,0.128181546926498
323333.33,6.44815254211426,4473920,0.825551152229309,0.127261847257614
324166.67,6.50502729415894,4613730,0.832624793052673,0.116227254271507
325000.00,6.56278848648071,4753540,0.838500499725342,0.115554347634315
325833.33,6.62086963653564,4893350,0.842499852180481,0.110919028520584
326666.67,6.67629480361938,5033160,0.84234082698822,0.0996886044740677
327500.00,6.7297511100769,5172970,0.842241108417511,0.0908837169408798
328333.33,6.80940628051758,5382685,0.837432682514191,0.0933799222111702
329166.67,6.85981130599976,5522495,0.818712592124939,0.100926138460636
330000.00,6.907546043396,5662305,0.813111841678619,0.100670523941517
330833.33,6.95536613464355,5802115,0.805892825126648,0.11264706403017
331666.67,0,5941925,0.800702512264252,0.123620018362999
332500.00,0.325578391551971,6081735,0.798015594482422,0.132671684026718
333333.33,0.518535673618317,6221545,0.798975050449371,0.129577711224556
334166.67,0.713133931159973,6431260,0.80051201581955,0.138888165354729
335000.00,0.809062719345093,6571070,0.810375452041626,0.146321803331375
335833.33,0.888517081737518,6710880,0.821593284606934,0.141093298792839
336666.67,0.96161562204361,6850690,0.836214303970337,0.148856654763222
337500.00,1.03124749660492,6990500,0.851014316082001,0.150766283273697
338333.33,1.09642732143402,7130310,0.863948464393616,0.149685978889465
339166.67,1.15966093540192,7270120,0.873632788658142,0.1374471783638
340000.00,1.25645673274994,7479835,0.881467282772064,0.145009309053421
340833.33,1.31993234157562,7619645,0.891855001449585,0.146810948848724
341666.67,1.37871146202087,7759455,0.896997630596161,0.134526133537292
342500.00,1.43734753131866,7899265,0.888141930103302,0.142675995826721
343333.33,1.49417316913605,8039075,0.674704730510712,0.585736930370331
344166.67,1.54679155349731,8178885,0.774501919746399,0.434995085000992
345000.00,1.59784591197968,8318695,0.820816278457642,0.329793781042099
345833.33,1.67484569549561,8528410,0.836353123188019,0.267102181911469
346666.67,1.72482132911682,8668220,0.841060161590576,0.209232687950134
347500.00,1.77305912971497,8808030,0.844048798084259,0.176052808761597
348333.33,1.82605850696564,8947840,0.840936183929443,0.165161624550819
349166.67,1.88091123104095,9087650,0.840511679649353,0.157271817326546
350000.00,1.93406820297241,9227460,0.841239273548126,0.151261925697327
350833.33,1.98685383796692,9367270,0.843756914138794,0.138200983405113
351666.67,2.07220911979675,9576985,0.843777060508728,0.137985751032829
352500.00,2.13018155097961,9716795,0.846324920654297,0.135949805378914
353333.33,2.186448097229,9856605,0.853945910930634,0.127893641591072
354166.67,2.24369430541992,9996415,0.861121416091919,0.13212414085865
355000.00,2.30091786384583,10136225,0.866995573043823,0.131855577230453
355833.33,2.35495376586914,10276035,0.8716961145401,0.125129669904709
356666.67,2.40641951560974,10415845,0.873625934123993,0.11067670583725
357500.00,2.48262238502502,10625560,0.872208893299103,0.108617871999741
358333.33,2.53053593635559,10765370,0.86602395772934,0.111648067831993
359166.67,2.57623505592346,10905180,0.863844096660614,0.113166183233261
360000.00,2.62400817871094,11044990,0.857988834381104,0.126625746488571
360833.33,2.6731903553009,11184800,0.853193402290344,0.133845210075378
361666.67,2.72146105766296,11324610,0.848876535892487,0.137952536344528
362500.00,2.76991844177246,11464420,0.851705193519592,0.125071078538895
363333.33,2.84666538238525,11674135,0.852946221828461,0.123131603002548
364166.67,2.8974609375,11813945,0.851729214191437,0.12488380074501
365000.00,2.94692873954773,11953755,0.850736320018768,0.117163151502609
365833.33,2.99759387969971,12093565,0.846923112869263,0.121763318777084
366666.67,3.04938745498657,12233375,0.84268593788147,0.123992204666138
367500.00,3.09991455078125,12373185,0.838541030883789,0.125658750534058
368333.33,3.1504864692688,12512995,0.837665319442749,0.117962628602982
369166.67,3.23001599311829,12722710,0.834230363368988,0.123166084289551
370000.00,3.28189015388489,12862520,0.82944393157959,0.128360778093338
370833.33,3.3327214717865,13002330,0.829263806343079,0.120902836322784
371666.67,3.38527083396912,13142140,0.826342940330505,0.125344812870026
372500.00,3.43906664848328,13281950,0.822067379951477,0.127534985542297
373333.33,3.49109888076782,13421760,0.817113161087036,0.12829302251339
374166.67,3.5404372215271,13561570,0.81414258480072,0.119577035307884
375000.00,3.61440634727478,13771285,0.806280076503754,0.123699754476547
375833.33,3.66267800331116,13911095,0.793553590774536,0.131308615207672
376666.67,3.70994925498962,14050905,0.789615213871002,0.126505583524704
377500.00,3.7618944644928,14190715,0.783408999443054,0.13411670923233
378333.33,3.81731200218201,14330525,0.779529809951782,0.141035854816437
379166.67,3.87183427810669,14470335,0.776310384273529,0.143802583217621
380000.00,3.92754697799683,14610145,0.775671899318695,0.135763004422188
380833.33,4.02233457565308,14819860,0.773445010185242,0.140607610344887
381666.67,4.08754348754883,14959670,0.756528437137604,0.145584031939507
382500.00,4.14966869354248,15099480,0.754294633865356,0.138276442885399
383333.33,4.21326303482056,15239290,0.752367675304413,0.143871426582336
384166.67,4.2770619392395,15379100,0.754266023635864,0.145345613360405
385000.00,4.33757829666138,15518910,0.759384989738464,0.143790677189827
385833.33,4.39634037017822,15658720,0.766843199729919,0.135772883892059
386666.67,4.48676443099976,15868435,0.774183511734009,0.138028144836426
387500.00,4.54525089263916,16008245,0.786165595054626,0.132247686386108
388333.33,4.59870767593384,16148055,0.799357533454895,0.113981604576111
389166.67,4.65125465393066,16287865,0.809158802032471,0.107289493083954
390000.00,4.70273351669312,16427675,0.814015924930573,0.103968054056168
390833.33,4.75137758255005,16567485,0.815168738365173,0.103644818067551
391666.67,4.79870700836182,16707295,0.81485378742218,0.0983766913414001
392500.00,4.87131500244141,69905,0.81114661693573,0.105367034673691
393333.33,4.92038631439209,209715,0.80064582824707,0.115118116140366
394166.67,4.96701049804688,349525,0.795137286186218,0.111727178096771
395000.00,5.01191711425781,489335,0.784824252128601,0.123945713043213
395833.33,5.05692958831787,629145,0.777014672756195,0.132908865809441
396666.67,5.10088968276978,768955,0.773403346538544,0.138341963291168
397500.00,5.14585399627686,908765,0.774536311626434,0.131239235401154
398333.33,5.22128057479858,1118480,0.774888634681702,0.135007709264755
399166.67,5.27536106109619,1258290,0.783429384231567,0.137917727231979
400000.00,5.33055591583252,1398100,0.789745092391968,0.12822237610817
400833.33,5.39037322998047,1537910,0.794599592685699,0.130162104964256
401666.67,5.45294046401978,1677720,0.798653662204742,0.130851224064827
402500.00,5.51241016387939,1817530,0.800798356533051,0.130591198801994
403333.33,5.56903791427612,1957340,0.802581071853638,0.121574021875858
404166.67,5.65486860275269,2167055,0.802744269371033,0.125718325376511
405000.00,5.71008682250977,2306865,0.804691791534424,0.131534531712532
405833.33,5.76375961303711,2446675,0.808194160461426,0.122756034135818
406666.67,5.81940364837646,2586485,0.808224380016327,0.128125548362732
407500.00,5.87523078918457,2726295,0.804488301277161,0.135009780526161
408333.33,5.92814254760742,2866105,0.796274185180664,0.142147243022919
409166.67,5.97848129272461,3005915,0.793099462985992,0.137167453765869
410000.00,6.05250883102417,3215630,0.78700053691864,0.145586609840393
410833.33,6.09941005706787,3355440,0.778285324573517,0.146523505449295
411666.67,6.14521884918213,3495250,0.778450846672058,0.134820967912674
412500.00,6.19234371185303,3635060,0.777558326721191,0.137486636638641
413333.33,6.24057865142822,3774870,0.777174055576324,0.146528393030167
414166.67,6.28762340545654,3914680,0.780260980129242,0.152017056941986
415000.00,6.33497047424316,4054490,0.786885023117065,0.142031311988831
415833.33,6.41076469421387,4264205,0.792468905448914,0.141327619552612
416666.67,6.46107149124146,4404015,0.802793264389038,0.135284006595612
417500.00,6.51069641113281,4543825,0.810140252113342,0.120658054947853
418333.33,6.56130838394165,4683635,0.818825125694275,0.119274854660034
419166.67,6.61223840713501,4823445,0.828494310379028,0.118583589792252
420000.00,6.66093778610229,4963255,0.8372882604599,0.115450993180275
420833.33,6.70843839645386,5103065,0.844273924827576,0.102191776037216
421666.67,6.78159284591675,5312780,0.849540174007416,0.0992555469274521
422500.00,6.82898569107056,5452590,0.851573467254639,0.0994110554456711
423333.33,6.87432622909546,5592400,0.852895259857178,0.0932084023952484
424166.67,6.9202184677124,5732210,0.855854034423828,0.0963020846247673
425000.00,6.96645879745483,5872020,0.858136117458344,0.10323116928339
425833.33,0,6011830,0.858735024929047,0.111438915133476
426666.67,0.328554391860962,6151640,0.851182818412781,0.109968699514866
427500.00,0.600294351577759,6361355,0.840025842189789,0.121394991874695
428333.33,0.722994685173035,6501165,0.828734159469604,0.135498732328415
429166.67,0.818537712097168,6640975,0.825353264808655,0.131108373403549
430000.00,0.900478005409241,6780785,0.820566892623901,0.138666078448296
430833.33,0.975271344184875,6920595,0.820324122905731,0.143695309758186
431666.67,1.04447042942047,7060405,0.82503354549408,0.146071910858154
432500.00,1.11293423175812,7200215,0.83142215013504,0.135648220777512
433333.33,1.21735227108002,7409930,0.83760142326355,0.13783922791481
434166.67,1.28510224819183,7549740,0.845374345779419,0.138276070356369
435000.00,1.34647405147552,7689550,0.850125670433044,0.127553999423981
435833.33,1.40577852725983,7829360,0.853622555732727,0.128391087055206
436666.67,1.46302354335785,7969170,0.858026742935181,0.128317266702652
437500.00,1.51649141311646,8108980,0.667159557342529,0.559873580932617
438333.33,1.56732285022736,8248790,0.769764125347137,0.409986823797226
439166.67,1.64280581474304,8458505,0.811963558197021,0.320786446332932
440000.00,1.6916651725769,8598315,0.838666617870331,0.241641670465469
440833.33,1.73753094673157,8738125,0.848735809326172,0.200766056776047
441666.67,1.78441274166107,8877935,0.850326061248779,0.184575438499451
442500.00,1.8331218957901,9017745,0.849357187747955,0.175171911716461
443333.33,1.88139164447784,9157555,0.848451375961304,0.17094261944294
444166.67,1.93005728721619,9297365,0.851166903972626,0.156754732131958
445000.00,2.00951790809631,9507080,0.851965308189392,0.156780079007149
445833.33,2.0659875869751,9646890,0.856106221675873,0.145116537809372
446666.67,2.12185597419739,9786700,0.860092401504517,0.126649796962738
447500.00,2.17921495437622,9926510,0.860771000385284,0.124056212604046
448333.33,2.2365038394928,10066320,0.860628426074982,0.12263123691082
449166.67,2.29044723510742,10206130,0.861334323883057,0.121053338050842
450000.00,2.34121704101563,10345940,0.864821076393127,0.109684929251671
450833.33,2.41659641265869,10555655,0.865428030490875,0.110523700714111
451666.67,2.46480941772461,10695465,0.862354040145874,0.116176538169384
452500.00,2.51543426513672,10835275,0.855745911598206,0.11483683437109
453333.33,2.56895446777344,10975085,0.845975041389465,0.126464635133743
454166.67,2.62296295166016,11114895,0.837937772274017,0.134554147720337
455000.00,2.67454528808594,11254705,0.833140909671783,0.138737440109253
455833.33,2.72480607032776,11394515,0.834365844726563,0.128137350082397
456666.67,2.80205917358398,11604230,0.831251442432404,0.130469709634781
457500.00,2.85227680206299,11744040,0.826787829399109,0.135395020246506
458333.33,2.90187621116638,11883850,0.826858043670654,0.128382503986359
459166.67,2.9534215927124,12023660,0.825607240200043,0.134420394897461
460000.00,3.00646305084229,12163470,0.826322257518768,0.137256860733032
460833.33,3.0587522983551,12303280,0.827730298042297,0.138509631156921
461666.67,3.11148905754089,12443090,0.830305933952332,0.129005968570709
462500.00,3.19551539421082,12652805,0.832176566123962,0.131188154220581
463333.33,3.25078749656677,12792615,0.835002720355988,0.131440281867981
464166.67,3.30524778366089,12932425,0.837475419044495,0.121525853872299
465000.00,3.36139273643494,13072235,0.838037967681885,0.122374027967453
465833.33,3.41758942604065,13212045,0.837370276451111,0.123003363609314
466666.67,3.47053503990173,13351855,0.835000991821289,0.123133331537247
467500.00,3.5218768119812,13491665,0.834208309650421,0.114820033311844
468333.33,3.60281085968018,13701380,0.830265879631042,0.118606939911842
469166.67,3.65736508369446,13841190,0.821470201015472,0.126194015145302
470000.00,3.71049332618713,13981000,0.818188488483429,0.121060781180859
470833.33,3.76491165161133,14120810,0.810653328895569,0.129116907715797
471666.67,3.81958913803101,14260620,0.800908446311951,0.135297000408173
472500.00,3.87184453010559,14400430,0.791739106178284,0.140661522746086
473333.33,3.92236375808716,14540240,0.786616325378418,0.134652122855186
474166.67,4.00113010406494,14749955,0.778501749038696,0.141771510243416
475000.00,4.05441617965698,14889765,0.772136509418488,0.149626135826111
475833.33,4.10613346099854,15029575,0.774282157421112,0.140814542770386
476666.67,4.16074323654175,15169385,0.775661647319794,0.143859565258026
477500.00,4.21804428100586,15309195,0.778481066226959,0.144165828824043
478333.33,4.27491426467896,15449005,0.782620787620544,0.143321022391319
479166.67,4.33163595199585,15588815,0.787680089473724,0.132101505994797
480000.00,4.42032241821289,15798530,0.792066991329193,0.132856637239456
480833.33,4.47922945022583,15938340,0.797764897346497,0.130391150712967
481666.67,4.5346155166626,16078150,0.800948739051819,0.119159162044525
482500.00,4.59068059921265,16217960,0.80137050151825,0.119982868432999
483333.33,4.64758491516113,16357770,0.801264524459839,0.121436506509781
484166.67,4.70227146148682,16497580,0.799794614315033,0.122012346982956
485000.00,4.75531005859375,16637390,0.798417210578918,0.113279551267624
485833.33,4.83635139465332,0,0.792596638202667,0.115458905696869
486666.67,4.89050245285034,139810,0.782464861869812,0.121799379587173
487500.00,4.9413013458252,279620,0.779675662517548,0.116813510656357
488333.33,4.99329042434692,419430,0.77482807636261,0.124858617782593
489166.67,5.04646158218384,559240,0.771270096302032,0.130133926868439
490000.00,5.09845352172852,699050,0.768523991107941,0.134406372904778
490833.33,5.15086841583252,838860,0.769225418567657,0.12782695889473
491666.67,5.23550176620483,1048575,0.766990602016449,0.133276239037514
492500.00,5.29370832443237,1188385,0.767250299453735,0.136538922786713
493333.33,5.3510046005249,1328195,0.770288825035095,0.125817775726318
494166.67,5.41038417816162,1468005,0.772427082061768,0.12934584915638
495000.00,5.4703893661499,1607815,0.775806307792664,0.128319904208183
495833.33,5.52780151367188,1747625,0.779946684837341,0.125591367483139
496666.67,5.5831356048584,1887435,0.784414350986481,0.115407079458237
497500.00,5.66613912582397,2097150,0.788660943508148,0.116224735975266
498333.33,5.71860504150391,2236960,0.79065203666687,0.119413644075394
499166.67,5.76806831359863,2376770,0.790996253490448,0.111518263816833
500000.00,5.81680870056152,2516580,0.787484467029572,0.117093309760094
500833.33,5.86464262008667,2656390,0.77984231710434,0.121256247162819
501666.67,5.90985631942749,2796200,0.772072076797485,0.1280457675457
502500.00,5.95350408554077,2936010,0.768888652324677,0.125494837760925
503333.33,6.01974582672119,3145725,0.765895247459412,0.133406311273575
504166.67,6.06291151046753,3285535,0.765046119689941,0.141945540904999
505000.00,6.10625982284546,3425345,0.76830792427063,0.134919434785843
505833.33,6.152419090271,3565155,0.772625625133514,0.141627341508865
506666.67,6.20194673538208,3704965,0.772227764129639,0.146567940711975
507500.00,6.25206232070923,3844775,0.773641765117645,0.148466140031815
508333.33,6.30271768569946,3984585,0.778995871543884,0.137901127338409
509166.67,6.38431262969971,4194300,0.786206603050232,0.130979090929031
510000.00,6.43852710723877,4334110,0.800751090049744,0.123253792524338
510833.33,6.49281883239746,4473920,0.80755090713501,0.113806515932083
511666.67,6.54933738708496,4613730,0.814257740974426,0.115328133106232
512500.00,6.60638666152954,4753540,0.821015477180481,0.116153970360756
513333.33,6.66060972213745,4893350,0.830561518669128,0.118402481079102
514166.67,6.71315431594849,5033160,0.838897526264191,0.113654345273972
515000.00,6.7918758392334,5242875,0.842876076698303,0.118291273713112
515833.33,6.8414158821106,5382685,0.837666809558868,0.12164793908596
516666.67,6.88787603378296,5522495,0.841586112976074,0.115522295236588
517500.00,6.93368339538574,5662305,0.844260990619659,0.121129646897316
518333.33,6.97875928878784,5802115,0.846129059791565,0.124899536371231
519166.67,0.186061158776283,5941925,0.84713214635849,0.128435730934143
520000.00,0.425588250160217,6081735,0.848122000694275,0.121571026742458
520833.33,0.649668097496033,6291450,0.847184598445892,0.127355143427849
521666.67,0.753266215324402,6431260,0.847997546195984,0.135696977376938
522500.00,0.835320055484772,6571070,0.854589343070984,0.133346125483513
523333.33,0.907096922397614,6710880,0.864750146865845,0.143255278468132
524166.67,0.973438799381256,6850690,0.875448167324066,0.145698890089989
525000.00,1.03503048419952,6990500,0.884510397911072,0.144917964935303
525833.33,1.09496355056763,7130310,0.892600834369659,0.133588343858719
526666.67,1.18844664096832,7340025,0.900408387184143,0.132331222295761
527500.00,1.2511191368103,7479835,0.906933605670929,0.129438489675522
528333.33,1.31010222434998,7619645,0.910261750221252,0.118601262569427
529166.67,1.36994850635529,7759455,0.911742746829987,0.120712399482727
530000.00,1.42927813529968,7899265,0.910811901092529,0.122490257024765
530833.33,1.48487854003906,8039075,0.90691089630127,0.12544247508049
531666.67,1.5377641916275,8178885,0.702067911624908,0.57792329788208
532500.00,1.61750483512878,8388600,0.781984806060791,0.434450745582581
533333.33,1.66937518119812,8528410,0.819466471672058,0.310746490955353
534166.67,1.71744358539581,8668220,0.832144498825073,0.250442504882813
535000.00,1.76631247997284,8808030,0.832827150821686,0.221697956323624
535833.33,1.81529545783997,8947840,0.832145154476166,0.202708452939987
536666.67,1.8624175786972,9087650,0.831936061382294,0.188195317983627
537500.00,1.90915846824646,9227460,0.835093021392822,0.167091310024261
538333.33,1.97873723506927,9437175,0.835311055183411,0.161937355995178
539166.67,2.0245246887207,9576985,0.837689220905304,0.154727041721344
540000.00,2.06997752189636,9716795,0.841744720935822,0.139424055814743
540833.33,2.11854600906372,9856605,0.844052314758301,0.138853371143341
541666.67,2.1677987575531,9996415,0.846382081508636,0.135968044400215
542500.00,2.21521306037903,10136225,0.848551988601685,0.13375324010849
543333.33,2.26219844818115,10276035,0.85099059343338,0.122353732585907
544166.67,2.33723306655884,10485750,0.849893927574158,0.122140191495419
545000.00,2.38900375366211,10625560,0.848589539527893,0.121159166097641
545833.33,2.44016551971436,10765370,0.84944885969162,0.112673699855804
546666.67,2.49489402770996,10905180,0.84758323431015,0.113673910498619
547500.00,2.55205273628235,11044990,0.844532787799835,0.115810349583626
548333.33,2.60680198669434,11184800,0.840249121189117,0.119877174496651
549166.67,2.65991306304932,11324610,0.836128234863281,0.114261716604233
550000.00,2.74113583564758,11534325,0.828409135341644,0.120342999696732
550833.33,2.79388904571533,11674135,0.818149864673615,0.128748685121536
551666.67,2.84626078605652,11813945,0.812049210071564,0.123582243919373
552500.00,2.90091991424561,11953755,0.804421186447144,0.13116180896759
553333.33,2.95813798904419,12093565,0.80010998249054,0.134595423936844
554166.67,3.01485228538513,12233375,0.797855913639069,0.135380864143372
555000.00,3.07199048995972,12373185,0.799758613109589,0.123877137899399
555833.33,3.16414451599121,12582900,0.80039256811142,0.12378391623497
556666.67,3.22551679611206,12722710,0.806575059890747,0.125767052173615
557500.00,3.28586077690125,12862520,0.817119896411896,0.120745539665222
558333.33,3.34787178039551,13002330,0.8277827501297,0.123443305492401
559166.67,3.40977334976196,13142140,0.836226284503937,0.123432278633118
560000.00,3.4679319858551,13281950,0.837148070335388,0.118883341550827
560833.33,3.52359557151794,13421760,0.83463841676712,0.106017887592316
561666.67,3.6058611869812,13631475,0.828286588191986,0.105702444911003
562500.00,3.65768313407898,13771285,0.818793177604675,0.110573530197144
563333.33,3.70644950866699,13911095,0.814836382865906,0.107432559132576
564166.67,3.75519323348999,14050905,0.808291494846344,0.116245746612549
565000.00,3.80371761322021,14190715,0.802154421806335,0.123909115791321
565833.33,3.8500075340271,14330525,0.796531617641449,0.131172776222229
566666.67,3.89550566673279,14470335,0.793091952800751,0.126258075237274
567500.00,3.96360564231873,14680050,0.786181092262268,0.134025678038597
568333.33,4.00784683227539,14819860,0.77733850479126,0.143469914793968
569166.67,4.05144214630127,14959670,0.776198506355286,0.136308342218399
570000.00,4.09899044036865,15099480,0.773868501186371,0.143251121044159
570833.33,4.15087795257568,15239290,0.772883653640747,0.14741288125515
571666.67,4.20431709289551,15379100,0.773624181747437,0.148723676800728
572500.00,4.25972890853882,15518910,0.777075886726379,0.137067660689354
573333.33,4.34907484054565,15728625,0.77798867225647,0.137454599142075
574166.67,4.41002082824707,15868435,0.782313346862793,0.1348956823349
575000.00,4.46735906600952,16008245,0.785582780838013,0.123339951038361
575833.33,4.52510404586792,16148055,0.78706830739975,0.123212903738022
576666.67,4.58282852172852,16287865,0.787309527397156,0.121123075485229
577500.00,4.63813781738281,16427675,0.78432822227478,0.120607048273087
578333.33,4.6921854019165,16567485,0.782588243484497,0.112339675426483
579166.67,4.77476739883423,16777200,0.777134418487549,0.11546865105629
580000.00,4.82951593399048,69905,0.770264506340027,0.120211213827133
580833.33,4.88118457794189,209715,0.769690275192261,0.11376616358757
581666.67,4.93423891067505,349525,0.766102194786072,0.120742380619049
582500.00,4.98870849609375,489335,0.761467218399048,0.12752003967762
583333.33,5.04232120513916,629145,0.749962687492371,0.133945390582085
584166.67,5.09633922576904,768955,0.744444072246552,0.128762751817703
585000.00,5.18288707733154,978670,0.738678574562073,0.136616513133049
585833.33,5.24247264862061,1118480,0.740106821060181,0.147185385227203
586666.67,5.30167198181152,1258290,0.747459709644318,0.13812617957592
587500.00,5.36374139785767,1398100,0.755231320858002,0.140736922621727
588333.33,5.423903465271,1537910,0.763404250144959,0.139185160398483
589166.67,5.47967052459717,1677720,0.771598994731903,0.135023653507233
590000.00,5.53281021118164,1817530,0.777405917644501,0.120106071233749
590833.33,5.61270666122437,2027245,0.780749976634979,0.117328733205795
591666.67,5.66241788864136,2167055,0.784735858440399,0.116391852498055
592500.00,5.70860242843628,2306865,0.785798192024231,0.107118040323257
593333.33,5.75422191619873,2446675,0.780521929264069,0.115835815668106
594166.67,5.79979228973389,2586485,0.775459051132202,0.123540312051773
595000.00,5.8438286781311,2726295,0.771387338638306,0.128535002470016
595833.33,5.88733434677124,2866105,0.770430326461792,0.123778641223907
596666.67,5.95548677444458,3075820,0.768362998962402,0.132725417613983
597500.00,6.00070190429688,3215630,0.76927649974823,0.144810110330582
598333.33,6.04634094238281,3355440,0.773267447948456,0.138087421655655
599166.67,6.09481811523438,3495250,0.777409791946411,0.145056784152985
600000.00,6.14580535888672,3635060,0.78382134437561,0.148435920476913
600833.33,6.19649839401245,3774870,0.792809844017029,0.148956924676895
601666.67,6.2476954460144,3914680,0.802798628807068,0.137099653482437
602500.00,6.32966041564941,4124395,0.813149392604828,0.137261956930161
603333.33,6.38388919830322,4264205,0.827871978282928,0.133728384971619
604166.67,6.4375958442688,4404015,0.835893929004669,0.121972858905792
605000.00,6.49283218383789,4543825,0.843478620052338,0.12107726931572
605833.33,6.54850006103516,4683635,0.850489735603333,0.120512872934341
606666.67,6.6012225151062,4823445,0.852138161659241,0.121581792831421
607500.00,6.6520881652832,4963255,0.854076147079468,0.112535759806633
608333.33,6.7289080619812,5172970,0.856273233890533,0.115011870861053
609166.67,6.77855587005615,5312780,0.868283271789551,0.118810743093491
610000.00,6.82681512832642,5452590,0.875475883483887,0.111422687768936
610833.33,6.87672185897827,5592400,0.880444288253784,0.116772755980492
611666.67,6.92740821838379,5732210,0.884361863136292,0.121290594339371
612500.00,6.97570896148682,5872020,0.888744592666626,0.131532669067383
613333.33,0,6011830,0.894422292709351,0.13110488653183
614166.67,0.45506626367569,6221545,0.911270439624786,0.141441002488136
615000.00,0.623391270637512,6361355,0.928855657577515,0.143925398588181
615833.33,0.746953070163727,6501165,0.926939785480499,0.126307994127274
616666.67,0.847066938877106,6640975,0.920077204704285,0.124341458082199
617500.00,0.931574821472168,6780785,0.913297593593597,0.124839082360268
618333.33,1.0026398897171,6920595,0.905956506729126,0.126097172498703
619166.67,1.06596279144287,7060405,0.901127576828003,0.118208020925522
620000.00,1.15773367881775,7270120,0.894630432128906,0.121637165546417
620833.33,1.21780848503113,7409930,0.886733710765839,0.126752495765686
621666.67,1.27433300018311,7549740,0.886380553245544,0.121989518404007
622500.00,1.33152174949646,7689550,0.885051965713501,0.134022206068039
623333.33,1.39087045192719,7829360,0.883865356445313,0.13988384604454
624166.67,1.44993996620178,7969170,0.883108139038086,0.143371075391769
625000.00,1.50781416893005,8108980,0.575595617294312,0.684133291244507
625833.33,1.59401738643646,8318695,0.742157578468323,0.496867030858994
626666.67,1.64826762676239,8458505,0.821215152740479,0.339524269104004
627500.00,1.69729614257813,8598315,0.840733647346497,0.269740700721741
628333.33,1.74549424648285,8738125,0.842492043972015,0.237723618745804
629166.67,1.79344248771667,8877935,0.841343224048615,0.216530829668045
630000.00,1.83954501152039,9017745,0.839468240737915,0.201760500669479
630833.33,1.88316106796265,9157555,0.842613101005554,0.178795009851456
631666.67,1.94483184814453,9367270,0.843738436698914,0.172650411725044
632500.00,1.98599183559418,9507080,0.845511198043823,0.163787454366684
633333.33,2.02694654464722,9646890,0.848385512828827,0.14515608549118
634166.67,2.0723819732666,9786700,0.849940419197083,0.140704169869423
635000.00,2.12284541130066,9926510,0.852587938308716,0.135048642754555
635833.33,2.17488145828247,10066320,0.855791807174683,0.129754990339279
636666.67,2.22872567176819,10206130,0.859269559383392,0.118015252053738
637500.00,2.32142066955566,10415845,0.860894799232483,0.117902815341949
638333.33,2.38497734069824,10555655,0.861378848552704,0.118545025587082
639166.67,2.44610595703125,10695465,0.861815214157104,0.109339646995068
640000.00,2.50662183761597,10835275,0.858610212802887,0.113702014088631
640833.33,2.56509375572205,10975085,0.853082418441772,0.120952591300011
641666.67,2.61907267570496,11114895,0.841070413589478,0.123207375407219
642500.00,2.66983222961426,11254705,0.833158493041992,0.116440534591675
643333.33,2.74546360969543,11464420,0.822687804698944,0.121736973524094
644166.67,2.79342842102051,11604230,0.800561547279358,0.137940347194672
645000.00,2.84035491943359,11744040,0.791231989860535,0.133033931255341
645833.33,2.88968801498413,11883850,0.782868921756744,0.143656402826309
646666.67,2.94136047363281,12023660,0.784823775291443,0.153429836034775
647500.00,2.99312591552734,12163470,0.786289751529694,0.150813162326813
648333.33,3.04587173461914,12303280,0.790930271148682,0.13637763261795
649166.67,3.13164448738098,12512995,0.795250058174133,0.133794844150543
650000.00,3.18971729278564,12652805,0.813343703746796,0.133807241916656
650833.33,3.24790287017822,12792615,0.827521443367004,0.124194532632828
651666.67,3.30780673027039,12932425,0.84063982963562,0.123976022005081
652500.00,3.36834812164307,13072235,0.85030609369278,0.121228873729706
653333.33,3.42633581161499,13212045,0.856235563755035,0.117794156074524
654166.67,3.48220086097717,13351855,0.859082639217377,0.106382951140404
655000.00,3.56583738327026,13561570,0.857530355453491,0.105718120932579
655833.33,3.6187117099762,13701380,0.849864900112152,0.10591296851635
656666.67,3.66845607757568,13841190,0.84508341550827,0.0996711254119873
657500.00,3.71620035171509,13981000,0.836224138736725,0.10623749345541
658333.33,3.76273250579834,14120810,0.826775908470154,0.114866226911545
659166.67,3.80733036994934,14260620,0.816270351409912,0.123551808297634
660000.00,3.85212373733521,14400430,0.809551954269409,0.119849190115929
660833.33,3.92326164245605,14610145,0.797570407390594,0.128500044345856
661666.67,3.97202777862549,14749955,0.785000145435333,0.137710496783257
662500.00,4.02045726776123,14889765,0.782358825206757,0.131037652492523
663333.33,4.07356023788452,15029575,0.778282582759857,0.13734295964241
664166.67,4.13288164138794,15169385,0.779073059558868,0.140849307179451
665000.00,4.19376134872437,15309195,0.781867265701294,0.143115326762199
665833.33,4.25618648529053,15449005,0.786546885967255,0.133522555232048
666666.67,4.35552453994751,15658720,0.789100706577301,0.135017573833466
667500.00,4.4218053817749,15798530,0.79308021068573,0.126418828964233
668333.33,4.48357629776001,15938340,0.796040534973145,0.115218669176102
669166.67,4.54536533355713,16078150,0.796894192695618,0.116824269294739
670000.00,4.60748958587646,16217960,0.803612112998962,0.113886415958405
670833.33,4.66730833053589,16357770,0.806775450706482,0.113651752471924
671666.67,4.72523069381714,16497580,0.807664513587952,0.107547372579575
672500.00,4.8133111000061,16707295,0.803470373153687,0.114267796278
673333.33,4.87096881866455,0,0.783126890659332,0.120338529348373
674166.67,4.92438077926636,139810,0.772731006145477,0.113498687744141
675000.00,4.97766304016113,279620,0.758505821228027,0.122288227081299
675833.33,5.03058433532715,419430,0.747965753078461,0.130818337202072
676666.67,5.08151626586914,559240,0.739292740821838,0.136901512742043
677500.00,5.13365507125854,699050,0.73587167263031,0.13057953119278
678333.33,5.21705293655396,908765,0.725551962852478,0.137226343154907
679166.67,5.27271604537964,1048575,0.716662526130676,0.141224265098572
680000.00,5.32621049880981,1188385,0.715573072433472,0.127747744321823
680833.33,5.38140630722046,1328195,0.713983416557312,0.128256142139435
681666.67,5.43788194656372,1468005,0.71558803319931,0.12813900411129
682500.00,5.49259376525879,1607815,0.720062077045441,0.125540047883987
683333.33,5.54661655426025,1747625,0.725874722003937,0.113835319876671
684166.67,5.62900400161743,1957340,0.732136309146881,0.113067105412483
685000.00,5.68143558502197,2097150,0.741527140140533,0.117216654121876
685833.33,5.73105907440186,2236960,0.74780797958374,0.112228393554688
686666.67,5.77991056442261,2376770,0.75124204158783,0.119237467646599
687500.00,5.82757139205933,2516580,0.753544807434082,0.125297755002975
688333.33,5.87152624130249,2656390,0.754902601242065,0.131050914525986
689166.67,5.91350078582764,2796200,0.758355379104614,0.125777751207352
690000.00,5.97711658477783,3005915,0.760160744190216,0.133047223091125
690833.33,6.01698064804077,3145725,0.763789057731628,0.141287088394165
691666.67,6.0558500289917,3285535,0.768722057342529,0.133656471967697
692500.00,6.0965313911438,3425345,0.774161458015442,0.138513028621674
693333.33,6.13934755325317,3565155,0.781038045883179,0.14195716381073
694166.67,6.182044506073,3704965,0.788365244865417,0.143711864948273
695000.00,6.22590589523315,3844775,0.79539680480957,0.132424861192703
695833.33,6.29943418502808,4054490,0.802932143211365,0.133935511112213
696666.67,6.3513069152832,4194300,0.816565752029419,0.133135914802551
697500.00,6.40532207489014,4334110,0.825046837329865,0.121547669172287
698333.33,6.46329784393311,4473920,0.833085894584656,0.121718853712082
699166.67,6.52328395843506,4613730,0.839307963848114,0.12251441180706
700000.00,6.58111810684204,4753540,0.844256401062012,0.122345164418221
700833.33,6.63899850845337,4893350,0.84880405664444,0.113595724105835
701666.67,6.72653675079346,5103065,0.850722312927246,0.116708993911743
702500.00,6.78095102310181,5242875,0.851035177707672,0.12181294709444
703333.33,6.83116436004639,5382685,0.852173507213593,0.115172028541565
704166.67,6.87962627410889,5522495,0.852025091648102,0.11939038336277
705000.00,6.92656230926514,5662305,0.854828417301178,0.117432698607445
705833.33,6.97034120559692,5802115,0.858906447887421,0.115467622876167
706666.67,0,5941925,0.860450565814972,0.108251601457596
707500.00,0.436640590429306,6151640,0.858421981334686,0.11438399553299
708333.33,0.59909051656723,6291450,0.847345292568207,0.128938242793083
709166.67,0.718236446380615,6431260,0.845823228359222,0.126728013157845
710000.00,0.814868092536926,6571070,0.842559576034546,0.134109050035477
710833.33,0.897927403450012,6710880,0.837642967700958,0.13537372648716
711666.67,0.970507800579071,6850690,0.829642713069916,0.132042065262794
712500.00,1.03710746765137,6990500,0.827332735061646,0.122491493821144
713333.33,1.13440358638763,7200215,0.823921144008636,0.126595914363861
714166.67,1.19771814346313,7340025,0.824547588825226,0.131016373634338
715000.00,1.25669312477112,7479835,0.828360795974731,0.123209089040756
715833.33,1.31611251831055,7619645,0.832887768745422,0.127856761217117
716666.67,1.37499094009399,7759455,0.838228523731232,0.130449086427689
717500.00,1.43040990829468,7899265,0.843785583972931,0.133408278226852
718333.33,1.48323166370392,8039075,0.850777983665466,0.129391551017761
719166.67,1.56269085407257,8248790,0.656003713607788,0.568377554416656
720000.00,1.61445045471191,8388600,0.78899347782135,0.376866728067398
720833.33,1.66224181652069,8528410,0.824039936065674,0.286055386066437
721666.67,1.7100590467453,8668220,0.835075378417969,0.235369771718979
722500.00,1.75771963596344,8808030,0.837993025779724,0.202966243028641
723333.33,1.80477845668793,8947840,0.839823722839355,0.179246813058853
724166.67,1.85215270519257,9087650,0.84348326921463,0.153074711561203
725000.00,1.92790734767914,9297365,0.8425612449646,0.145287111401558
725833.33,1.97955811023712,9437175,0.837975263595581,0.142746090888977
726666.67,2.03013753890991,9576985,0.836053848266602,0.138250350952148
727500.00,2.08368277549744,9716795,0.833494365215302,0.147273361682892
728333.33,2.13939952850342,9856605,0.83428692817688,0.150303348898888
729166.67,2.19392108917236,9996415,0.837408363819122,0.150633588433266
730000.00,2.24757313728333,10136225,0.842220187187195,0.139706134796143
730833.33,2.32808017730713,10345940,0.848034858703613,0.1402577906847
731666.67,2.37919402122498,10485750,0.856736242771149,0.138069227337837
732500.00,2.42804741859436,10625560,0.860680818557739,0.1245978474617
733333.33,2.47748303413391,10765370,0.861916661262512,0.124139413237572
734166.67,2.52733111381531,10905180,0.862446784973145,0.121693566441536
735000.00,2.57547354698181,11044990,0.859158992767334,0.120357632637024
735833.33,2.62303423881531,11184800,0.855854988098145,0.11245658993721
736666.67,2.69982433319092,11394515,0.848183989524841,0.117212861776352
737500.00,2.75255751609802,11534325,0.834480166435242,0.124425560235977
738333.33,2.80556893348694,11674135,0.829386830329895,0.118809342384338
739166.67,2.86044073104858,11813945,0.821310043334961,0.128061652183533
740000.00,2.91483664512634,11953755,0.812695980072021,0.139078050851822
740833.33,2.96706819534302,12093565,0.808268010616302,0.14622437953949
741666.67,3.01905989646912,12233375,0.809080719947815,0.139230847358704
742500.00,3.10284948348999,12443090,0.808984398841858,0.143046796321869
743333.33,3.15942859649658,12582900,0.814038455486298,0.140999019145966
744166.67,3.2169623374939,12722710,0.819393455982208,0.128740936517715
745000.00,3.27739024162292,12862520,0.823928356170654,0.128161430358887
745833.33,3.33893227577209,13002330,0.828306078910828,0.126185595989227
746666.67,3.39780855178833,13142140,0.830900549888611,0.122917741537094
747500.00,3.45473790168762,13281950,0.832408249378204,0.112102061510086
748333.33,3.54005169868469,13491665,0.831819474697113,0.113080352544785
749166.67,3.59441590309143,13631475,0.824988424777985,0.111373633146286
750000.00,3.64633131027222,13771285,0.820830404758453,0.102391615509987
750833.33,3.69901490211487,13911095,0.812674522399902,0.106043934822083
751666.67,3.75266766548157,14050905,0.801229357719421,0.110522098839283
752500.00,3.80454516410828,14190715,0.78788149356842,0.117094278335571
753333.33,3.85498046875,14330525,0.779389441013336,0.114475920796394
754166.67,3.93173980712891,14540240,0.767802655696869,0.124556429684162
755000.00,3.9819860458374,14680050,0.761622309684753,0.145088836550713
755833.33,4.0302791595459,14819860,0.768207371234894,0.14664351940155
756666.67,4.08110284805298,14959670,0.776999592781067,0.157197773456573
757500.00,4.13431453704834,15099480,0.786348640918732,0.159500777721405
758333.33,4.18714714050293,15239290,0.788861632347107,0.151162937283516
759166.67,4.24055671691895,15379100,0.791237354278564,0.134958818554878
760000.00,4.3261022567749,15588815,0.792031526565552,0.131974890828133
760833.33,4.3838005065918,15728625,0.787724733352661,0.129112720489502
761666.67,4.43823671340942,15868435,0.785285115242004,0.116795480251312
762500.00,4.49357461929321,16008245,0.780590891838074,0.117434918880463
763333.33,4.549241065979,16148055,0.77499794960022,0.117644160985947
764166.67,4.60271310806274,16287865,0.769652128219604,0.11865159869194
765000.00,4.65510272979736,16427675,0.767623066902161,0.11147403717041
765833.33,4.73578834533691,16637390,0.76263815164566,0.11565312743187
766666.67,4.7901406288147,16777200,0.757069230079651,0.122072219848633
767500.00,4.84160804748535,69905,0.755711913108826,0.114483326673508
768333.33,4.89463090896606,209715,0.751740992069244,0.119425594806671
769166.67,4.95044851303101,349525,0.748697876930237,0.124235212802887
770000.00,5.00641965866089,489335,0.745451331138611,0.131794959306717
770833.33,5.06339406967163,629145,0.742978870868683,0.130494683980942
771666.67,5.15748119354248,838860,0.740678369998932,0.140161067247391
772500.00,5.22493648529053,978670,0.743690133094788,0.146778583526611
773333.33,5.291588306427,1118480,0.745871603488922,0.145493030548096
774166.67,5.35977363586426,1258290,0.749461889266968,0.155302256345749
775000.00,5.42775535583496,1398100,0.757281005382538,0.155596256256104
775833.33,5.49182462692261,1537910,0.766425013542175,0.150417536497116
776666.67,5.5525689125061,1677720,0.775852978229523,0.134694471955299
777500.00,5.6409592628479,1887435,0.783545315265656,0.130421623587608
778333.33,5.69571208953857,2027245,0.792211592197418,0.124287068843842
779166.67,5.74617481231689,2167055,0.795998454093933,0.113229006528854
780000.00,5.79455709457397,2306865,0.797123491764069,0.115696296095848
780833.33,5.84054565429688,2446675,0.798267185688019,0.116296753287315
781666.67,5.88240432739258,2586485,0.799523830413818,0.116647854447365
782500.00,5.92026329040527,2726295,0.800512313842773,0.10985267162323
783333.33,5.97521305084229,2936010,0.799400568008423,0.115320563316345
784166.67,6.01087236404419,3075820,0.797817230224609,0.124766439199448
785000.00,6.0470929145813,3215630,0.798129200935364,0.119405478239059
785833.33,6.08834266662598,3355440,0.797818839550018,0.126513749361038
786666.67,6.13419055938721,3495250,0.798963665962219,0.131502985954285
787500.00,6.18114233016968,3635060,0.799800157546997,0.134323686361313
788333.33,6.22914981842041,3774870,0.803473591804504,0.126321822404861
789166.67,6.30376386642456,3984585,0.807065844535828,0.13010311126709
790000.00,6.35121774673462,4124395,0.815167307853699,0.133560210466385
790833.33,6.39859628677368,4264205,0.821686565876007,0.122701913118362
791666.67,6.44861888885498,4404015,0.830021500587463,0.122964382171631
792500.00,6.50112295150757,4543825,0.841893792152405,0.119563460350037
793333.33,6.55288171768188,4683635,0.847780883312225,0.119348540902138
794166.67,6.60422134399414,4823445,0.853007435798645,0.111179292201996
795000.00,6.68335437774658,5033160,0.856213986873627,0.113617435097694
795833.33,6.73461961746216,5172970,0.860839545726776,0.119587495923042
796666.67,6.78413915634155,5312780,0.865007758140564,0.11545268446207
797500.00,6.83393335342407,5452590,0.866983294487,0.12291644513607
798333.33,6.88301086425781,5592400,0.866402447223663,0.12647445499897
799166.67,6.92931699752808,5732210,0.866422772407532,0.13048255443573
800000.00,6.97436857223511,5872020,0.868689477443695,0.12493123114109
800833.33,0.199074864387512,6081735,0.862217307090759,0.130937770009041
801666.67,0.447006523609161,6221545,0.850769340991974,0.137879982590675
802500.00,0.610560119152069,6361355,0.84700483083725,0.127961009740829
803333.33,0.734304904937744,6501165,0.841748714447021,0.132230818271637
804166.67,0.834559440612793,6640975,0.839247107505798,0.136616975069046
805000.00,0.918176412582397,6780785,0.839971780776978,0.13886646926403
805833.33,0.992574751377106,6920595,0.843246698379517,0.129229292273521
806666.67,1.09909904003143,7130310,0.846614241600037,0.130954056978226
807500.00,1.16693139076233,7270120,0.854644954204559,0.131668627262115
808333.33,1.22941136360168,7409930,0.860640287399292,0.12188595533371
809166.67,1.29146981239319,7549740,0.866306126117706,0.123918235301971
810000.00,1.35217452049255,7689550,0.871160984039307,0.12517312169075
810833.33,1.40873777866364,7829360,0.874998688697815,0.125901579856873
811666.67,1.46063601970673,7969170,0.878008484840393,0.117949634790421
812500.00,1.53254652023315,8178885,0.573783993721008,0.675633609294891
813333.33,1.57768380641937,8318695,0.774439215660095,0.425273299217224
814166.67,1.61849355697632,8458505,0.819411516189575,0.323515206575394
815000.00,1.65765297412872,8598315,0.83631706237793,0.266263395547867
815833.33,1.69692087173462,8738125,0.843165099620819,0.228123247623444
816666.67,1.73557138442993,8877935,0.844422936439514,0.20264458656311
817500.00,1.77498090267181,9017745,0.846020221710205,0.176761299371719
818333.33,1.83442270755768,9227460,0.843976616859436,0.170355722308159
819166.67,1.87523567676544,9367270,0.841554045677185,0.164021566510201
820000.00,1.91603720188141,9507080,0.842759788036346,0.14868851006031
820833.33,1.96166551113129,9646890,0.854230344295502,0.146064341068268
821666.67,2.01242923736572,9786700,0.866400957107544,0.143154859542847
822500.00,2.06487369537354,9926510,0.866945624351501,0.135494872927666
823333.33,2.11926770210266,10066320,0.86629593372345,0.120910622179508
824166.67,2.20683073997498,10276035,0.862327933311462,0.119754903018475
825000.00,2.26549029350281,10415845,0.854470610618591,0.129796847701073
825833.33,2.32280731201172,10555655,0.852905452251434,0.124087855219841
826666.67,2.38261866569519,10695465,0.849114656448364,0.129062592983246
827500.00,2.44396543502808,10835275,0.845093190670013,0.129312843084335
828333.33,2.50336456298828,10975085,0.839027941226959,0.12757396697998
829166.67,2.56174778938293,11114895,0.835215032100677,0.119681164622307
830000.00,2.65156555175781,11324610,0.828459680080414,0.125393748283386
830833.33,2.70933222770691,11464420,0.819381296634674,0.133847266435623
831666.67,2.76471281051636,11604230,0.817757129669189,0.128605216741562
832500.00,2.82014322280884,11744040,0.81373006105423,0.136729627847672
